2,1,53.405142041170784,59.60649074268281,-142.51309503745242,-146.19802679695403
2,2,23.25,24.769987172608435,-146.56859202882748,-151.71413398924915
2,3,49.75,53.59517951219795,41.14554196042167,52.88533725210971
2,4,80.65821353765394,90.30884935515614,175.4653277534388,-176.00456901958046
2,5,18.75,18.798190567088614,-48.735226272107596,-53.29127149169106
2,6,13.0,12.84017751859938,-4.4439547804165365,-3.073332511073353
2,7,24.703517766299363,26.9848577477864,-150.84629399063203,-154.63491768041482
2,8,12.25,12.90517512804,120.1523897340054,123.69006752597979
2,9,70.09374099599285,76.77664640171115,-72.75870914092842,-70.89245285947666
2,10,70.99297605898893,79.7633376303417,178.3353399828576,-171.58765470957314
2,11,55.75,61.23046699636517,158.7448812969422,169.50852298766839
2,12,21.0,21.883055860745205,76.42607874009914,80.85215748019829
2,13,81.18437780456834,89.02782249330144,106.71729286344949,114.55702778180084
2,14,5.75,4.398223461520092,1.016893478100016,1.387515747443203
2,15,51.75,56.2099635245521,98.75097634278762,111.01527175385922
2,16,40.13931198065418,44.46387826149218,107.23436203531828,115.88124654935005
2,17,19.0,19.12952083803558,6.854458039578347,16.09081634885217
2,18,26.0,27.549461947470068,-108.03025927188969,-107.27928292910207
2,19,20.0,19.794681474753826,-65.80140948635182,-59.3700015151793
2,20,20.5,21.443196033801165,6.03025927188969,4.8960662149740415
2,21,1.75,0.189700825144024,5.73522627210761,6.914234297918313
2,22,0.0,0.2792074079132921,-38.24902365721232,-24.634967687601147
2,23,39.5,41.14469363981163,-81.13419305691565,-92.9384591222024
2,24,17.75,16.958612309935003,-143.19573393471325,-146.3412758951349
2,25,10.75,9.441164940708465,-116.98310652189997,-119.84891346498432
2,26,34.25,39.00964867768703,64.76516601842536,68.02028472148311
2,27,99.42011418892815,112.58421381794444,169.3404297273562,-176.79797941667783
2,28,51.71148455110058,59.414311066842274,108.70713728758227,114.44395478041653
2,29,87.28492353811495,95.97634708551684,97.52445096279666,106.79306399542192
2,30,49.5,52.929492630423304,161.82099197418927,173.62525803947602
2,31,21.25,22.241499907472978,-118.2647737278924,-115.06903979317916
2,32,18.5,19.320751937602868,126.2647737278924,136.64511845173726
2,33,27.0,28.616748641932308,-30.38034472384487,-29.806423463944014
2,34,1.2205043309252535,0.1642426555290695,-95.36528112266262,-96.84277341263095
2,35,38.70089079421888,43.708170121904196,-62.102757995260106,-56.65029943753767
2,36,14.5,16.551835933374672,177.18920625702694,-177.84703721089954
2,37,20.75,23.028928934334303,153.03624346792648,158.90205041101086
2,40,0.0,0.6549454030863207,-31.463345061871607,-22.973792139872458
2,41,5.25,6.38780865929274,61.48955292199916,61.525796389925645
2,42,83.25,94.13108526942172,138.96375653207352,152.72323661688634
2,43,103.21730481460196,115.33925488389244,179.34486400117552,-166.38729051417994
2,44,61.83748826074907,68.84966835488052,-130.2762730711435,-124.86828810959605
2,45,46.515664079701295,53.4968954633329,163.82936586621165,165.24567335010846
2,46,37.75,42.700747731099376,-161.0,-155.55604521958347
2,47,1.25,0.37152976988776737,108.55604521958347,101.94039703541935
2,48,10.0,8.869976737336179,-130.38435181583588,-123.99840778544709
2,49,10.0,8.812036586165306,92.51044707800085,94.35322049063178
2,50,45.36621556182327,51.221149339986546,148.3891298387822,163.2914196442847
2,51,47.5,52.341770874186075,-55.195733934713246,-51.73238887284163
2,52,70.13978639662831,79.23671610278022,144.92049718607154,152.15071090773958
2,53,67.70416126120848,76.78045535197832,143.2798128832021,157.02620786012753
2,54,21.5,22.30899786328727,-0.35402463626132175,-6.044092162241107
2,56,8.5,9.118689653477748,160.0,164.05460409907712
2,57,11.5,12.36408939187736,-77.74488129694222,-77.34744349944204
2,58,26.5,28.6357828025464,122.48955292199915,123.45330945407267
2,59,2.0,0.6477756053766286,3.189206257026939,7.573558072862824
2,60,38.02167625998725,39.5224336551746,81.47304674855765,92.00400709199101
2,61,44.75,48.185564717364166,125.61564818416412,138.6459074560538
2,62,10.25,9.735665003917452,-84.0302592718897,-80.0605185437794
2,63,41.5,43.784501461391706,-167.9697407281103,-175.10393378502596
2,64,48.944012697686276,53.257344055740894,84.28431661891385,96.91423429791833
2,65,15.75,16.911281427853012,-178.98310652189997,-179.12864848232164
2,66,40.5,45.22778917606213,-123.85445803957835,-117.97947438848014
2,67,0.75,1.2474288407818364,69.2647737278924,67.88442900404753
2,68,16.0,16.410647585516607,173.46334506187162,-173.7156629639391
2,69,33.109745362580746,36.62790903838374,-64.48728303637928,-63.69597562528749
2,70,96.04027438938952,107.53795246436341,-123.82297048779702,-118.2622073666783
2,71,26.75,29.209812361702923,67.4985656759521,70.13514271756883
2,72,85.97475769153053,95.9647262289226,133.77559332646024,153.0041616059134
2,73,43.0,47.67356756850104,150.6293777306568,158.6293777306568
2,74,51.976264236861184,58.11851860037028,44.88867801202876,47.704875985735654
2,75,103.47537089096932,116.50212361615189,122.16085839060537,137.3804401130654
2,76,99.88456445441423,112.08190454304922,146.74813681875926,161.44740087115207
2,77,87.25,95.96578413585176,146.46232220802563,159.71744091108337
2,78,53.070265744118736,58.059665221175905,168.71641940695656,177.75425743410494
2,79,8.75,9.028087258294025,131.46334506187162,131.40874096279447
2,80,14.0,13.154468501736943,15.34987578006988,27.34987578006988
2,81,30.5,34.306028064432475,-112.0,-110.55604521958347
2,82,76.48626152254458,85.71448469538353,-167.7822262203759,-164.3430472342043
2,83,43.0,46.87879678514693,-106.10090754621223,-102.45493218247356
2,84,119.90198000152598,136.07819867399007,-147.03965278914814,-142.0899301441552
2,85,73.41103499620928,82.7115723875537,172.27307473435667,-173.00609504584543
2,86,43.25,49.32934432014034,27.25511870305779,36.625740972400976
2,87,98.02208201036146,110.08794797207719,169.6916373021565,-172.50414236027012
2,88,19.25,20.115331773904305,12.255118703057775,20.154211156845548
2,89,76.92851505183336,85.12141556192704,175.63073794608277,-161.26971472313096
2,90,50.827036208075704,55.009397828297054,-113.30127366269508,-113.62937773065681
2,91,17.5,18.12909364157196,112.7357045889284,119.80819152478136
2,92,16.25,16.07472613820668,102.92751306414704,116.79332000723142
2,93,56.75,62.030270993559576,101.69515353123398,114.68717372979262
2,94,111.16602974202985,126.133999726015,-165.8045028664945,-157.83365417791754
2,95,60.14322375966761,69.46789944447816,139.19857798301604,152.7232366168863
2,96,4.75,2.5882221148001783,-33.96375653207349,-40.8295634751579
2,97,47.5,53.08554363748248,-135.19573393471325,-128.90557074247016
2,98,57.80715003071438,64.05909001981797,-133.859089470156,-131.3540925439462
2,99,23.0,24.05567926567891,-117.56859202882748,-122.37416312109269
2,100,2.5,0.739802343334529,26.472459848343817,32.0410518771713
2,101,15.5,15.536248375766405,-90.03025927188969,-89.79390096261587
2,102,20.5,20.62236358436639,-97.0302592718897,-97.83452533717646
2,103,21.0,22.44338107584177,55.865806943084365,59.76489939687213
2,104,9.5,9.346236237714868,18.29016319224307,19.111155166432354
2,105,61.5,70.02489428530852,116.17900802581073,128.3580160516214
2,106,97.83942775314652,110.42398483697822,102.64436114939153,124.05971258782681
2,107,81.19394145590476,91.1305738149406,153.15125504832076,164.2593354669341
2,108,28.75,30.74947451140215,-29.3843518158359,-27.29407489501358
2,109,110.41143145548124,124.79072401296949,173.7342364261442,-164.87599269168942
2,110,75.82698610312191,86.24643068960238,178.14341619364265,-163.49563861824498
2,111,30.75,33.304104357069285,-158.38034472384487,-160.76469653968076
2,112,38.5,41.221696210468885,-53.615648184164115,-55.90625822680265
2,113,40.32248180459706,44.280010628725556,179.81877306654104,-169.94422393893612
2,114,25.0,28.536342858349567,-138.1944289077348,-136.61809453273747
2,115,82.0,92.66031790664267,163.2642954110716,179.90087245268836
2,116,105.07466393864857,119.09670624346045,176.6985815594245,-166.38145833855896
2,117,74.3028478222317,82.06630073088179,-139.46858801670234,-131.07611067724707
2,120,38.0,43.12772290912856,83.23171106797936,90.49648479587177
2,121,94.18160049770488,105.21701687812069,111.97445103655062,127.63431872589537
2,122,99.56221742734344,109.69049533452647,155.0058137278341,175.10090754621223
2,123,8.646599914753068,8.520837785696036,48.2706670689052,48.12706464910947
2,126,3.0,1.3927892449981363,-121.74488129694222,-128.90722834266393
2,127,18.5,18.303939521092296,-41.874983651098205,-45.30639162227067
2,128,45.967581144485116,49.36934052176084,-150.56948372591083,-155.04715274998972
2,129,51.25,58.36254638615383,45.016893478100016,50.8378854522893
2,131,0.75,1.4199913691669033,-107.2647737278924,-104.75432664989157
2,132,29.25,31.67135730462417,-170.0302592718897,-177.3208693145282
2,133,42.46612250818747,46.26772607530034,155.2261458471187,169.5085229876684
2,134,17.0,17.76450075548083,118.25511870305778,128.45370921670596
2,135,33.0,34.74924455601937,-12.198590513648185,-16.07357416474639
2,136,5.25,3.6719563273387683,115.53767779197437,118.41266144307255
2,137,25.0,26.024942967637315,22.125016348901823,28.92642583525364
2,138,30.75,31.931714730880657,-176.80140948635182,-173.06161419466378
2,139,0.25,0.6865373635502703,-27.820991974189283,-19.111155166432354
2,140,27.75,30.18617404143511,-91.7357045889284,-98.8607209378302
2,141,30.75,34.88598724793765,-166.8749836510982,-171.23840660948147
2,142,35.25,39.753327197446154,98.36342295838324,112.5089649188049
2,143,7.544482216234437,6.210404032450145,-106.17987211059904,-108.95111305268682
2,144,36.847168120046035,39.95672405244625,128.71570843352552,136.60328006468052
2,145,64.08836707996895,71.32226259947558,105.24560173473122,107.31893843151474
2,146,68.87144028335643,76.16980237926501,171.34036486632803,-167.5740571345725
2,147,52.80188618512254,59.18226088760662,-154.97417393171327,-153.80281394153172
2,148,43.75,46.311810695748946,-19.036243467926482,-20.74608027568341
2,149,32.45303533217064,38.14900986799548,158.43121965745678,163.11320887605595
2,150,12.0,13.213752829554407,135.14554196042167,142.21802889627463
2,151,18.75,19.23960934166501,157.98310652189997,163.59875470606408
2,152,9.5,8.53274136608068,-113.61965527615513,-115.8747739792129
2,153,26.75,29.386413941658486,-171.74488129694222,-175.36453657309735
2,154,45.75,49.787567881298806,38.61965527615513,46.1573330681295
2,155,10.75,10.149933479962991,-76.53767779197437,-73.41266144307258
2,156,105.97728968966454,120.00699234358937,-141.82332514362233,-135.8466740238615
2,157,29.698498333967965,35.5013887077099,162.3390262301396,171.44255292624848
2,158,5.5,5.6193918783668355,-129.2642954110716,-128.50065372034544
2,159,13.5,14.979585757628229,-44.38594403038883,-45.74936698877211
2,160,95.76880996239797,107.35260049985254,-142.05961923846553,-132.06265578171588
2,161,95.60212609451985,107.17987174427944,173.85229640235673,-173.26398878588066
2,162,33.45016433484689,38.42938501686177,74.7587052470859,88.55587446906412
2,163,37.00872408062935,41.041682472459094,120.00274437622716,132.25920940581744
2,164,18.0,18.613399087452475,24.874983651098205,33.11134196037203
2,165,31.0,32.98151539218445,-151.6140559696112,-145.33841165503358
2,166,21.25,21.555902624240815,-137.06858282186244,-140.0516893437624
2,167,13.0,12.866107647642059,5.98310652189997,3.7229018135880096
2,168,63.0,69.2359508518648,-157.73979529168804,-153.8739883486037
2,169,21.25,22.613672017169115,96.13419305691563,97.78431727684575
2,170,33.624861183356124,36.99144329251395,158.2387397975481,170.68679891727362
2,171,35.0,40.288862231957125,122.69515353123398,124.69515353123398
2,172,30.29075091783881,33.57651873315848,112.19280946602284,117.34987578006988
2,173,49.46005979909406,55.94668217964583,117.9533817565609,125.23822522495774
2,174,37.25,42.79659341468309,135.75097634278765,140.10085212285753
2,175,75.5,84.9042701859267,137.43494882292202,150.06848815949218
2,176,2.0,0.09742070953884796,-42.63353933657018,-44.019483366958994
2,177,6.5,5.372205321220086,104.38594403038883,107.00681801902044
2,178,13.166052417939726,12.957562954353447,69.53203620375244,75.37912601136836
2,179,58.92801857339469,66.43121447488747,70.16374938485538,87.51044707800085
2,180,30.25,33.12094757151272,160.3859440303888,169.58167796510205
2,181,26.25,27.712397892822903,-0.7448812969422249,5.389311759973424
2,182,43.75956646752334,50.44672778936758,-91.12944472632947,-92.30596672399501
2,183,89.1386760672756,100.54605148939143,-140.849409393037,-139.62125140201414
2,184,24.5,24.97729531077696,-72.74488129694222,-71.3784206335124
2,185,38.25,42.136065395381785,138.63353933657018,146.25441332520182
2,186,89.92467891410426,101.78324894402904,111.96670145706464,129.44506307986452
2,187,68.89025161400417,80.00610423512886,-144.91243828261997,-138.85200649343793
2,188,63.773315364339716,73.24329297066515,-165.67908426715883,-164.11528268853198
2,194,17.0,16.46947580039559,-103.4314079711725,-107.73625443993853
2,195,17.0,16.734590109826282,-170.13419305691562,-175.10393378502593
2,196,12.25,11.41731390677261,70.96974072811031,74.98663420621034
2,197,35.25,37.55624450261115,-1.145541960421653,-0.5161642297648399
2,198,75.74364991528957,84.2865175204812,149.1339696526823,163.0804590771001
2,199,38.0,43.224564450521264,134.86989764584402,147.72435568542235
2,200,14.25,12.013753450385824,-11.249023657212348,-22.24902365721232
2,201,13.492318512267952,13.019835092973823,101.48456147399025,110.85445803957833
2,202,44.72986828842182,50.63930778432176,156.19771720853834,165.98831537305261
2,203,73.72637177829364,82.69099847302057,-161.94953790029126,-154.70993219697746
2,204,29.75,33.15564579293705,-104.38435181583588,-106.40124529393592
2,205,17.0,16.971885773458663,-96.17900802581073,-93.92388932275293
2,206,32.447718981595784,36.15630045491204,-175.02151652433412,-177.60499448312765
2,1,46.75,53.8270184904493,60.07248693585295,73.07248693585295
2,2,91.07430635798335,104.09054592529674,92.92413396121306,111.56495205619953
2,3,44.622638536804594,51.33547385294171,75.40002893633334,91.54815769897795
2,4,67.89830152711198,78.29988544336761,107.52518488961942,121.36662452695177
2,5,31.75,35.30407567882951,114.8749836510982,122.90524292298791
2,6,18.75,19.874271796504473,11.969740728110295,14.432062936135921
2,7,6.75,4.907558426754398,-158.46232220802563,-162.89727103094765
2,8,7.25,6.368117369465756,142.43494882292202,148.67130713219584
2,9,5.5,4.97266377223774,25.763641690726175,23.94264971653689
2,10,29.65675454403714,34.094693727233036,131.21778445657836,145.5658732711315
2,11,43.0,46.05985694232535,-14.74488129694221,-19.125226020787082
2,12,60.5,67.03830355501539,152.02386755579664,164.65740689236685
2,13,70.71572729002156,77.70026543846669,136.99229816630083,152.98733465206143
2,14,82.71694429914128,93.10928322552905,-164.0762883220868,-156.8266055179348
2,15,87.01151081868458,97.57357495708713,-124.90367096238182,-118.3326186141916
2,16,81.62068815488038,91.21752827121377,-152.62404804494145,-150.13474959545044
2,17,50.25,56.646436553754306,110.36646066342982,123.74558667479818
2,18,10.220574641590572,8.675099358539835,30.460725377214217,37.81946450227984
2,19,65.5,72.41484250367297,64.55604521958347,79.59228868750995
2,20,69.21679539822543,77.44657256758397,-161.77680606518953,-154.2306723756613
2,21,56.308193652760444,65.03876175928092,155.67450685676175,163.9588604649693
2,22,106.83644552392005,122.80013449675512,98.83344217354144,120.88107869694362
2,23,109.19425945852694,122.68630643476843,164.5210259047771,-171.08507304285214
2,25,1.5,0.8736603309390653,-48.03624346792648,-48.73139699916045
2,26,23.75,24.96761175772991,-81.4314079711725,-83.39516450324602
2,27,61.25,67.5805369541739,-91.92751306414704,-87.74850503833633
2,28,106.74204086643302,120.7292923607228,165.27107162083274,179.2559407971113
2,30,43.5,48.21125793365072,39.030259271889705,40.030259271889705
2,31,17.01770891389767,18.337381146035654,125.04940469942909,128.393682230273
2,34,8.0,7.299082002298182,122.38034472384487,129.35008545195518
2,35,21.5,24.45801273762941,169.56859202882748,-180.0
2,36,5.5,4.489159043458609,99.0302592718897,105.01336579378969
2,37,24.5,25.60596318549465,-121.85445803957835,-127.1146627478903
2,38,36.5,41.697339041256726,143.26020470831196,151.26020470831196
2,39,66.5,73.6912959001135,77.73570458892839,91.73570458892839
2,40,4.75,3.4478002801498837,-78.36646066342979,-82.74680538727466
2,41,1.0,0.4834675324918784,-155.97613244420336,-151.94587317231367
2,42,5.25,3.79208094168126,-113.13419305691562,-120.23510060312785
2,43,63.75,70.10156440592392,146.6335393365702,168.0178911524061
2,44,9.0,8.05041977808146,-126.38435181583588,-139.18861788112264
2,45,20.75,21.727385912237224,102.30484646876602,112.07313540078667
2,46,33.5,35.96965306220452,-75.46232220802561,-69.71744091108339
2,47,3.0,1.5552256755600555,173.3895403340348,179.03551569777346
2,48,18.0,18.338029908551515,-58.81079374297306,-63.802813941531724
2,49,56.563750583918605,62.52202451083683,102.20216380543694,113.58008575054913
2,50,9.0,7.690872261064938,88.2647737278924,97.2950329997821
2,51,11.0,10.847727564211418,27.96974072811031,37.24538504268793
2,52,60.25,66.71326984941794,118.18920625702694,134.92900154871498
2,54,5.5,3.652433878793555,-160.77225468204585,-165.63806162513023
2,55,27.75,30.524586897147707,-99.19573393471325,-101.63968871512978
2,56,74.75,84.89692401857766,171.24902365721238,-176.18592516570965
2,57,93.42385690332102,105.88812645591028,-177.81626192996742,-167.94600832309106
2,58,7.25,6.102304220385414,33.125016348901795,33.690067525979785
2,59,8.330674534440536,7.654947477290132,59.744987459300134,63.43494882292201
2,60,108.1598046846428,122.79921019761935,97.598195314356,116.2245156355764
2,61,86.00989235848374,96.04332884812462,168.86431370820196,-168.80488857370003
2,62,39.0,44.3720541504177,111.19442890773482,121.01542088192409
2,63,15.0,14.308387317495091,-32.01689347810003,-35.02487327954137
2,64,81.19860207804881,89.13216949522587,-155.29997865645902,-149.4359749789752
2,65,2.75,1.3437272104413556,-6.556045219583467,-8.579912775380109
2,66,20.0,19.976163211277512,-24.97613244420336,-32.532177663786825
2,67,56.33126097539977,64.55817428444898,-173.26662670602477,-171.4200872246199
2,68,28.25,31.856414882972704,127.03624346792648,133.0908475670036
2,69,46.75,51.817195543701494,-52.744881296942225,-54.76177477504224
2,70,34.0,38.14536120585004,-129.98310652189997,-125.23822522495776
2,71,23.5,26.9985182276459,131.65012421993012,140.67399177572676
2,72,2.0,0.34515978753390947,14.976132444203358,20.591780628367474
2,73,26.25,28.809761636517113,-163.61965527615513,-155.4854622192395
2,74,64.69628897692982,71.60193547825244,-123.41343670570258,-119.93976414918085
2,75,18.5,18.91377858828406,128.8055710922652,137.23697906343773
2,76,17.75,17.76370207194537,27.568592028827492,37.568592028827496
2,77,14.25,13.927721312203053,103.73570458892839,113.5371140752802
2,78,5.25,3.157206107589084,-105.434948822922,-108.434948822922
2,79,48.0,53.951936157552915,8.735704588928385,18.125244922963176
2,80,43.34040160338892,48.03134694227008,-161.23803128197704,-166.6446590370926
2,81,47.0,51.28645995600688,2.2551187030577893,8.130102354155994
2,82,13.25,12.396081488319465,10.125016348901795,18.43494882292201
2,83,66.27938564012592,76.04956306362278,-174.6908587157438,-168.56969841837247
2,84,33.75,38.08654185973949,-158.19859051364818,-156.46288592471979
2,85,55.5,62.15068127601038,-86.73570458892839,-88.36924392549857
2,86,70.0692463307089,80.23837272167675,-160.7254492977323,-159.88219897568771
2,87,17.5,18.485884443129258,146.98310652189997,158.5594408968973
2,88,19.0,19.481687394781716,76.47245984834385,79.27803094060903
2,89,52.5,56.65499389473182,-171.80557109226518,-168.09573428450827
2,90,49.98884881020366,56.76832785918431,-108.33617065585517,-106.71781660919825
2,91,11.374738743395646,12.65746409517847,161.4633003217554,166.95923896610333
2,92,7.25,5.948453309687346,-54.85445803957833,-62.48799737614854
2,93,65.49770854870948,73.71230039824252,155.48201573644303,176.6335393365702
2,94,52.98088375784084,60.284455329370566,-95.57343383200529,-93.36646066342979
2,95,23.75,25.618347140393666,-102.2642954110716,-104.45350166809854
2,96,2.75,1.0512674751297164,-118.06858282186246,-127.49999079303497
2,97,8.75,8.089087189291552,-130.23483398157467,-125.4991293926463
2,98,13.25,12.569595744808069,-108.2642954110716,-107.80095034919998
2,99,92.45986207735739,104.43618869255437,-73.4977127141629,-71.56505117707799
2,100,69.25400234965066,78.57861658695563,173.17856233233834,-169.38034472384487
2,101,44.25,49.04670993924727,53.38034472384487,64.95957159633389
2,102,15.75,16.352904560921058,82.42077312751098,90.38452965958452
2,103,4.566922885906553,3.1139092353429065,-108.50518532752321,-109.19546760005288
2,104,61.06145420517003,69.41352535352922,-84.93177686123023,-78.09169993868242
2,105,92.7538306482312,105.73688798493332,-146.87707668433325,-144.00850374202514
2,106,16.00167490296171,16.089440845539485,52.041998440820606,57.52880770915151
2,107,11.25,11.204136370225875,-162.64597536373867,-157.45154645600388
2,108,35.25994270870937,38.37878771596732,-47.5863763815503,-55.16416963584512
2,109,19.5,20.188558196363307,169.48955292199918,180.0
2,110,38.75,42.521157560715274,87.48955292199915,97.45929365010943
2,111,30.25,31.357141458213395,44.03025927188969,54.06650273981617
2,112,46.37735591165215,49.161869763922084,-145.9889786367903,-143.13010235415598
2,113,66.02674140401245,73.60127052890648,171.14466535335112,-175.30131948270056
2,114,27.0,29.53258205158094,60.90972307917768,73.78470673027589
2,115,40.5,47.0313240629111,57.125016348901795,67.05643352703936
2,116,45.75,51.61256177505413,125.96375653207352,136.2188752351313
2,117,21.5,23.129954161547005,-118.25511870305778,-112.68652667423027
2,118,4.25,2.8859967376238096,19.765166018425333,23.020284721483122
2,119,19.5,19.779392293794412,31.74488129694221,39.75286109838355
2,120,57.40152624416381,63.77155094438212,175.38673684703303,-166.95923896610333
2,121,7.0,5.802948775607567,-71.75097634278764,-72.72071707089795
2,122,21.5,23.30249058210454,56.431407971172504,62.43938777261384
2,124,28.5,29.570244473529257,-40.61965527615513,-43.85136634413449
2,125,4.75,4.734326991667487,179.73522627210758,-174.61464950796227
2,126,10.0,9.40995930268915,49.349875780069866,51.49541774049153
2,127,32.5,38.22252679007041,118.19859051364818,132.37759853945892
2,128,99.04610897639681,114.11290728462446,165.26752854596572,-172.61395684873273
2,129,60.25,67.35887030670516,-154.6104596659652,-154.9948114818011
2,130,13.5,13.56987672103909,7.384351815835885,11.940397035419348
2,131,67.64027349289833,74.72312495484883,-132.31991692536468,-128.99099404250546
2,132,7.2363071563302075,5.722018456288889,58.03291131019168,62.64106273344659
2,133,92.50109490160133,104.66705792771873,128.93885073847895,141.54629078329404
2,134,60.5824558677289,67.07139893148442,-148.5487677533566,-146.30993247402023
2,135,26.5,28.893304295676714,42.0,45.0
2,137,44.0,51.47671910561036,78.38034472384487,89.38832452528621
2,138,62.14414279018315,71.57500116484319,-145.97720417623992,-140.74415832376718
2,139,55.25,63.43413344067634,-73.76364169072617,-72.51461803351383
2,140,55.07888861026116,64.28035051825513,161.07854556394418,168.09169993868244
2,141,60.75,69.27833085410613,113.7352262721076,124.470930861036
2,142,14.25,14.01826468217929,-120.7357045889284,-121.48058588587062
2,143,45.75,52.50895276000659,84.74488129694222,98.24344697289433
2,1,44.192936386968725,48.87858837853751,-138.59715986192924,-133.48167219785205
2,2,3.0,1.845875248932672,93.98310652189997,98.21481758987932
2,3,6.5,5.061154802445331,-76.96375653207349,-78.34970056246232
2,4,110.68184234673045,125.31545516786424,-123.49192331220137,-118.19328284210022
2,5,95.16992551176,106.58588662799042,-174.60470295257227,-167.90524292298792
2,6,35.25,39.926713392873566,-52.349875780069866,-50.97925351072668
2,7,69.70256296326353,80.03551530107393,-156.8506321693337,-158.1063268582716
2,8,55.0,62.161794804504716,67.73570458892839,78.49518467374119
2,9,68.85563044509584,79.0921540226867,142.71103928527342,162.86139390381885
2,10,32.5,35.75043791171775,-108.25511870305778,-115.12092564614213
2,11,83.1457085891511,91.84293950469441,150.2456540188937,160.55996517182382
2,12,102.70267166299767,113.11483019737283,154.99636697482592,178.86557836902298
2,13,87.48850273499744,97.06515178129389,-178.13284834648533,-173.75368437900988
2,14,63.69890235047523,70.5618428712992,-138.03040093997294,-138.62853215543643
2,15,33.67826366549993,37.59232023805892,-94.40524037091643,-93.92388932275293
2,16,73.27608339731522,80.98459478244625,-38.02619197928165,-39.369317242364744
2,17,73.37696052174121,81.85924802950656,-174.8902403252846,-174.15155854397804
2,18,32.75,36.26576230594288,57.25511870305779,63.62157936648759
2,19,31.0,33.85072384999097,-119.36646066342979,-116.11743700621744
2,20,108.90745486579507,125.65649088723528,-130.92970739032367,-126.86989764584399
2,21,49.054591305915096,57.322142577475546,146.89330264187225,157.45505321580322
2,22,62.25,68.66693897977126,72.3843518158359,81.3843518158359
2,23,50.0,57.43313381184283,159.6335393365702,169.5085229876684
2,24,40.75,44.10739262349959,115.61564818416412,126.68813512001705
2,25,1.75,0.7951070305386051,-60.07248693585295,-60.80771320796056
2,26,5.25,4.6794665726157065,72.37912601136836,77.76507004175717
2,27,56.5,62.15385803637477,80.51044707800085,92.08436833790171
2,28,65.59423978998028,73.13824944120431,92.25302527255418,105.21946483117381
2,29,5.25,4.077036364428843,-86.98310652189998,-82.3371311581613
2,30,16.25,17.259072663489093,-145.56505117707798,-147.52880770915152
2,31,3.75,2.1205208116322103,-108.18920625702694,-114.80485444119103
2,32,9.5,9.141250160886697,-56.3843518158359,-57.754974085179086
2,34,55.75,61.470545219585176,-112.98310652189998,-114.55702778180084
2,35,47.95596723914498,53.46664041231823,130.84876593901004,138.02793710179782
2,36,33.25,37.574413320094706,-108.7357045889284,-113.2371389129763
2,37,66.77523069934888,74.64724226804618,-152.38493928718512,-149.882917491788
2,38,41.25,46.89082209445763,-140.61564818416412,-136.49063183526232
2,39,45.25,49.86748042438495,-122.96974072811031,-122.61571609184898
2,40,2.5,0.6343310356724994,48.463345061871614,53.10932042561029
2,41,73.15711601336712,81.13113594721604,171.66522006270532,-164.2825524053554
2,42,65.83636561616326,73.48179844897153,169.89079391069737,-176.62771836945487
2,43,31.5,35.264608516576345,-162.7357045889284,-165.54649833190146
2,44,11.5,11.798878671396386,173.46334506187162,174.4995885297981
2,45,4.5,2.8995079362391682,9.810793742973054,11.160669523042934
2,46,15.75,15.472152582278497,-128.34987578006988,-131.38611924799636
2,47,10.75,10.690526721925359,49.03624346792648,54.27260177720031
2,48,26.0,29.07087941346128,96.76364169072617,109.38451567935783
2,49,64.5,74.71118405308701,172.37912601136833,-173.25025171928849
2,50,116.58081466228582,132.3860618119579,166.5745110076979,-172.61395684873273
2,51,80.17016310653455,90.3732679525065,-173.47725222555812,-168.27488798483492
2,52,77.6652281684289,87.80519271386642,147.68361571266337,160.88884483356765
2,54,29.25,32.46519316861783,74.65012421993015,84.15155854397801
2,55,10.25,9.61629147827709,27.61986494804043,32.08218715606604
2,56,49.17342755366593,54.01397451568321,144.54778277871674,163.2914196442847
2,57,38.25,41.9531862677766,-104.23483398157467,-99.1623470457217
2,58,4.75,5.0429123420400295,12.927513064147043,19.313457094535856
2,59,65.3624367304537,73.07836811337445,146.13059726814012,165.24567335010846
2,60,42.53838160906234,47.92511355795633,149.54782038180647,157.38794420817578
2,61,40.75,43.57330681960703,134.8749836510982,151.0735741647464
2,62,24.5,26.233693106310866,123.80140948635182,134.55238582913944
2,63,40.75,44.433551473342185,41.983106521899984,53.006974077696626
2,64,23.25,25.274785524943507,-94.02386755579664,-100.7748438985843
2,65,40.966159517058905,44.99394568705173,150.15955313782325,152.78123561467734
2,66,50.32456913769164,56.053384243136435,65.88664571148888,82.49886796283377
2,67,39.25,42.197463150783726,83.80426606528675,97.83452533717644
2,68,13.5,13.192196356798865,116.76516601842533,120.96375653207352
2,69,34.25,37.13582936300718,52.772254682045826,61.00861299131965
2,70,67.11703625727785,74.15355400213818,-164.81094318099056,-159.12098311944257
2,73,1.75,0.38632996390343805,2.510447078000851,4.9418550491733555
2,74,19.25,18.668399954942224,-66.4314079711725,-71.96806290930091
2,75,36.5,39.595401003017024,-99.46334506187156,-101.42710159394511
2,76,82.70160831416868,92.01584599940806,-142.378959881816,-137.72631099390628
2,77,24.117744574868755,28.078121432062787,-138.1962057379181,-137.57657183026882
2,78,13.25,15.487457245503403,91.56859202882748,98.82879673713944
2,1,12.25,12.186583254464331,-177.76516601842536,179.35985033047643
2,2,17.25,16.886117942800677,-105.0902769208223,-103.85391861154852
2,3,45.58901102208003,49.24945512555101,-110.28777926696816,-111.37938577180054
2,4,37.75,42.534180957264375,-25.931417178137558,-25.551072454292687
2,5,8.75,8.357153101521584,134.61564818416412,135.85048216573878
2,6,35.75,37.72786856843598,-52.695153531233984,-49.95027223429176
2,7,115.72646574600975,127.73830190606245,155.45813772268986,179.03551569777346
2,8,61.39130210791937,67.73308717980989,-156.93102756324348,-155.58253425122052
2,9,43.0,45.78809749377724,-29.61965527615513,-29.05460409907714
2,10,27.09777379117623,30.209217054797705,143.0361185835434,147.38428390815102
2,11,30.401044220283705,31.285454977948824,-4.884390189585275,-4.492581479915316
2,12,78.53089906185559,87.63903857014488,115.43295163990922,127.90107066379538
2,13,76.9197712662437,87.36092655595544,126.14748251387573,134.929001548715
2,14,108.17927134831956,120.41412359289939,140.84445882937717,159.62885379007298
2,16,49.25,53.200517138227035,-119.72435568542238,-116.76059915334886
2,17,79.11980560934084,87.86528134975049,173.68724535866392,-171.9539089925476
2,18,74.63566999454835,86.06237779324762,-149.98690886307196,-143.40182826859086
2,19,41.00907149252565,48.40178544809743,-148.17294957618145,-141.1701750950296
2,20,23.25,24.513521786499783,71.77225468204583,77.54054361406646
2,21,76.01821067983475,83.86258046181973,-148.7967052505417,-144.13715101413874
2,22,40.080244488080176,46.91257398625383,-161.5598608160647,-158.3495671853298
2,23,4.0,2.302820899209574,-69.14554196042165,-71.63509488242082
2,24,26.25,30.04932736748192,-165.0302592718897,-158.10274620774265
2,25,69.131517473769,76.85184086759764,157.5717468548242,163.07248693585296
2,26,40.40159853877772,45.036794447509834,-99.8874720387132,-97.1250163489018
2,27,103.40514174196703,115.52440063952862,-162.58183904293938,-156.61477894278624
2,28,77.36490723145752,85.05777252897714,-174.29152748115985,-161.01237591212984
2,29,35.62995560766873,38.29475423606979,177.89688252172914,-175.51956035021482
2,30,26.0,27.602770312597467,173.52754015165615,178.40252380275436
2,31,67.65560076924783,74.49451132430802,-145.33574441327067,-141.00522580446753
2,32,39.009744099750364,44.246900815986166,-76.87450690214303,-77.76507004175717
2,33,90.9862888289677,101.27115746981312,-174.88676449988765,-168.15173376158558
2,34,80.25,88.08741510872238,162.69006752597977,177.7803444468021
2,35,0.75,0.22728736860499546,35.537677791974374,28.82784098421746
2,36,4.75,3.315849102852072,37.17983011986425,43.41618842913806
2,37,4.0,1.8976422968999418,-73.23635830927381,-73.46806937725316
2,38,5.25,4.2548946013380124,-60.03624346792648,-62.40270413135628
2,39,76.26372599989215,83.76979837034057,-77.21404333596735,-69.55045238920741
2,40,38.89328732375716,43.758881668744486,126.58264809248062,132.00965502483461
2,41,45.7761254628082,52.300738128085754,171.58934780331685,-179.36575528557387
2,42,35.85660210790125,40.449451468721485,-164.54455703644163,-163.65711745655813
2,43,6.75,6.236234921295288,-83.38034472384487,-87.51044707800085
2,44,1.25,0.4979633349141828,-102.29016319224307,-100.64418782850439
2,45,78.25,85.94180807841946,-21.56505117707799,-19.440034828176195
2,1,43.317283922855204,46.18246921244106,131.05273692595634,148.6097318958122
2,2,85.37479664883894,96.63467721567739,-145.90203967379068,-138.59356618786518
2,3,72.0466426848016,80.6790812233842,151.60233317567352,164.99108632334128
2,4,13.25,11.767701825563538,50.02386755579664,54.39448982513983
2,5,15.25,14.419442758669048,-127.37062226934319,-129.0207464892733
2,6,2.75,1.3660681038736613,162.92751306414704,163.9036455083504
2,7,36.0,39.07491409244834,3.023867555796649,5.3778921920579705
2,8,98.5761838515695,108.87454637527668,117.20132171831482,135.7440592028887
2,9,15.5,15.278928696593438,-76.17900802581072,-76.15514047001406
2,10,14.231027086170213,14.171868899936015,-168.51885149650144,-173.55140770745282
2,11,64.75,71.03664668321395,48.57633437499737,58.038656583022984
2,12,58.25,63.2343950028817,145.8749836510982,161.10669471907755
2,13,12.0,11.873746805665288,-92.96375653207353,-88.22853025996594
2,14,2.25,1.110991489911728,40.264773727892404,38.829824904970394
2,15,65.0,71.97749312957656,-130.56505117707798,-121.32869286780416
2,16,25.75,27.83251978611858,145.76364169072616,146.88865803962798
2,17,31.0,33.831411787078174,-173.19442890773482,-167.8404042714735
2,18,4.75,3.2647489196953514,-71.43494882292202,-73.73979529168804
2,19,15.75,15.986860314110125,119.30484646876602,123.8034121447181
2,20,88.54300378235189,97.37487727342689,175.82420596591857,-168.50654547739342
2,21,25.890524870808708,27.298100181996357,-88.81928142694542,-85.18644910629348
2,22,64.75,71.56218405471073,-100.29016319224307,-91.90581137640719
2,23,17.25,17.10855883060977,122.61564818416412,128.99477419553244
2,24,47.24242438020351,51.88907917481595,13.616668450321754,22.38013505195957
2,25,12.809581503307014,11.960551355710251,-88.21325580958131,-87.66269414087618
2,26,56.00728943956095,59.750717561757355,-135.30254986882665,-136.14863365586552
2,27,12.75,11.142548565788482,118.8376529542783,128.32720587627745
2,28,22.75,24.094095933621393,-149.3859440303888,-153.57515028741574
2,29,14.25,13.450275387147842,-75.96375653207349,-83.08877288097528
2,30,49.25,55.183170059851676,129.1944289077348,137.80848487734596
2,31,89.25,88.5711934515224,174.29061004263855,-166.39945748334125
2,32,77.5,77.4296000227951,-155.46232220802563,-130.42607874009914
2,33,57.68868862739294,52.84420009387004,170.27386220989186,161.16854692194488
2,34,7.75,6.050399398884848,-71.80557109226521,-54.42644508089687
2,35,3.5,1.8015216717181906,-57.96375653207353,-48.317781168334854
2,36,31.25,28.794411198309447,-3.6459753637386783,-3.202020583322142
2,37,42.70911475846391,38.24867653537579,-141.6404513703457,-114.07549825507884
2,38,72.37905625353609,66.65744510494093,-56.067773732936104,-34.249033006811956
2,39,14.5,12.628915099885987,-44.255118703057775,-35.81116392264124
2,40,6.75,5.4463596277780155,-4.443954780416533,-7.516441716269497
2,41,9.25,7.561461870349591,116.07248693585296,104.83196702066576
2,42,26.75,24.19495596599328,72.2405199151872,70.50529364307961
2,43,20.0,17.905216733324433,10.735226272107598,9.984249929319963
2,44,13.5,11.876867965562115,-94.19859051364818,-81.4391104288354
2,45,15.25,13.56454259562114,64.97613244420336,61.73977413492953
2,46,122.29355838847066,117.54542951569906,116.1875057085179,125.33726585548608
2,47,36.15132982161596,36.114032139458395,112.69184157292074,114.43574739191612
2,48,52.20707024222756,52.297466300441435,84.87743530993554,97.8132208419415
2,49,58.25,54.07648444364563,-92.34987578006988,-65.50710236743895
2,50,34.59699559618738,34.25413040940837,112.7229696742464,115.15062796567584
2,51,76.45232768373509,71.6466865671882,136.89218688523235,140.64991454804482
2,52,34.88803949148985,33.31715322526321,-116.53764968971458,-92.66776628044632
2,53,78.25,72.53934687684342,-141.8749836510982,-111.48544331706343
2,54,38.60012236035932,35.32643434986597,-168.04262993997003,-136.13442163097702
2,55,8.75,7.431830937662099,83.74488129694222,86.51317022896286
2,56,18.25,16.27433731000962,16.963756532073532,15.70863782901575
2,57,118.66962225217988,110.3535764234825,172.69215358865085,-176.7674598862541
2,58,14.0,11.223499642427784,-117.99202019855868,-94.02826366648516
2,59,60.74810708933052,57.138892198737885,-60.88712506829859,-42.00965502483462
2,60,82.06353418034229,76.97041928591645,-100.70270959630167,-75.34928224171878
2,61,13.5,10.475379435864813,-46.38594403038881,-42.48685157660107
2,62,73.84815713156678,68.9848802648571,-136.94423392322636,-102.31944525663658
2,63,60.75,56.752064755993764,-167.8749836510982,-135.00000000000003
2,64,45.01576000722648,40.98430844900297,-99.26589695411822,-80.27798198618898
2,65,82.99046564959548,78.23761898043078,-157.20831490695394,-117.64597536373867
2,66,11.0,9.16632196085008,104.81079374297306,96.56177008576071
2,67,27.679273267134082,25.835824985711394,149.91200853774785,132.23213017911235
2,68,48.75,44.04789074516044,-72.85445803957835,-57.72435568542237
2,69,37.0,35.15792973644238,158.29016319224309,145.9402874121732
2,70,39.75,35.28695590676121,110.56505117707798,109.44003482817615
2,71,64.75,60.09392080388446,-104.38435181583588,-89.51445416999184
2,72,42.94764995666021,41.11230843095218,-99.73468740737685,-71.86191784440268
2,73,44.7997736249853,42.52608722970743,-81.19000655579237,-65.08197748418075
2,74,92.59984097062754,86.29576329329629,-87.65968420214058,-58.28865413476202
2,75,26.288475672178116,26.065957272349372,-120.18919278663645,-96.99390495415459
2,76,34.5,29.883082333582138,1.3498757800698797,6.793830560486413
2,77,50.25,49.94206119811502,-89.46334506187156,-86.65255131889853
2,78,61.272478197295364,60.71590482824639,175.13926449291705,167.4494109653389
2,79,84.74628484590801,83.41925530317334,175.32333912372195,177.7320454640942
2,80,69.25,72.50443669852645,-144.76828893202065,-116.38916292065231
2,81,60.73392287553071,69.49351650351146,165.95301201202895,176.97074976870152
2,82,9.0,7.203966806380547,28.98310652189997,34.60398051053164
2,83,9.25,8.406239095597627,-143.65012421993012,-142.030468943775
2,84,12.25,11.538628910905986,-125.61564818416412,-128.36052948110634
2,85,0.25,0.939543910377332,-30.65012421993012,-22.61986494804043
2,86,16.0,17.079262023421936,178.86580694308438,-179.59651526494122
2,87,5.0,3.6899840655467564,161.1250163489018,166.27055830932346
2,88,5.0,3.1877636127839546,-145.14554196042167,-152.02052561151987
2,89,12.75,11.697516113919715,95.8749836510982,100.52510787102835
2,90,55.128379228320235,59.31879033311054,132.4752558382906,150.0851020521775
2,91,50.0,56.443098234237134,120.2647737278924,132.00965502483461
2,92,117.16567798582248,132.75292816532522,157.20795437410882,-177.98540121212943
2,93,88.21061078428595,98.8865386394156,-138.88809873141417,-123.25436657471204
2,95,18.75,19.769649912046088,-155.0,-150.2551187030578
2,96,71.75,81.89421754942506,-171.7448812969422,-162.45427125430368
2,97,97.57426217539866,105.94312147227133,168.25834406903263,-166.0304053343266
2,98,0.5,0.18665004136135294,21.56505117707799,15.255118703057775
2,99,16.25,14.730152919733753,52.00797980144134,50.24433811071516
2,100,72.01167155404814,73.79523437892914,139.38573042739213,146.00159221455291
2,101,49.5,56.89482780537768,-34.615648184164115,-33.05960296458065
2,102,12.63990675303628,13.242408411559731,-176.9609590492651,-179.1215986121308
2,103,26.564764875494973,29.458996074986747,-0.7130297200529299,3.2143214046592448
2,104,55.25,60.124285998534894,-32.46334506187161,-30.037266321772464
2,105,11.75,10.677277929709273,-122.61405596961117,-116.42484971258423
2,106,48.943992167791194,54.21231345930119,-156.67025838189048,-154.84357755826048
2,109,22.0,23.538428581936827,105.65012421993012,112.4137659106563
2,110,40.5,45.8229394798188,-43.125016348901795,-38.88449643371458
2,111,62.11066173699814,69.17523511613126,-152.70179470845886,-153.43494882292202
2,112,47.75,53.747200345877246,165.48955292199918,175.64677950936823
2,113,29.25,33.96024233724884,-44.15722658736907,-41.523687250798865
2,114,43.329613121367515,51.98034425612663,-153.65744499593092,-154.8321298502184
2,115,8.0,7.94800530492239,114.85445803957835,120.31678024760396
2,116,26.75,28.318450597902846,-91.86580694308437,-90.0
2,117,65.75,75.75697261959277,165.53767779197437,180.0
2,118,64.76376646328916,75.98659076518078,122.93237477880817,141.9112271190247
2,119,7.5,5.698105823028887,-17.72435568542238,-24.70048812962574
2,120,64.09314673911071,70.23230509442666,-155.96595301851,-152.94940299291386
2,121,117.14542948904341,132.41940397258432,-145.3372035972065,-131.11209043916693
2,122,73.8922659511765,83.18414644111819,-161.45913171608532,-155.51331906828398
2,123,55.0,60.267791055198025,-118.57633437499737,-121.64882131085034
2,124,61.74633915666967,68.60936829916545,122.39804377844952,133.45184230102203
2,125,1.5,0.11512273447622452,-28.556045219583467,-30.018367427609093
2,126,8.5,8.117687246343396,156.24051991518718,160.5052936430796
2,127,5.75,4.66526659143084,89.74488129694222,92.39500551687235
2,128,45.25,49.63547843389406,-35.92751306414704,-31.5483870527787
2,129,25.0,25.44249336529923,-84.37912601136834,-88.1833920766551
2,130,15.0,14.136309359279698,-49.69515353123397,-53.130102354155966
2,131,6.0,4.487837990779409,-30.565051177077976,-36.86989764584405
2,132,19.25,19.215497519132057,-13.195733934713246,-16.006527677686307
2,133,1.5,0.450142306056869,-127.434948822922,-132.58049078334363
2,134,19.75,20.255825613268218,141.01689347810003,147.75211975020764
2,135,3.1812532873957964,1.2625998793935995,79.92725924952418,79.47921568612566
2,136,65.44923474749122,73.41722875204108,109.55688478984477,126.91061958604703
2,137,53.989882361917104,60.07286595656592,-102.60903439767462,-100.52510787102833
2,138,43.803712803149025,47.56840206009817,-123.91761962615595,-126.0273733851036
2,139,27.25,29.71329751154306,152.565051177078,158.19859051364818
2,140,26.75,28.69584450446704,84.3664606634298,95.10216525235819
2,141,37.1135580833856,39.20936971541955,123.22725193917486,143.13010235415595
2,142,21.75,21.695152687768996,-90.43140797117252,-90.0
2,143,37.5,40.75436443336679,131.0302592718897,145.28537797494747
2,144,100.85669896587441,114.04402447003636,165.225655769483,-172.76016260337798
2,145,53.13753005090784,61.484016551731294,-163.12708143626494,-153.6596370025465
2,146,34.5,37.092329576173725,-112.96974072811031,-115.82419876768864
2,147,44.75,49.91002430061757,135.85445803957833,150.66002913184352
2,148,7.5,5.568999871683418,23.125016348901802,29.875992691689436
2,149,33.5,38.297651588469066,-41.75097634278764,-40.10500097904895
2,150,40.753686978612784,46.863981985444326,155.91326569444772,166.23921488820878
2,151,4.5,3.2923398279375538,-169.80426606528675,-167.34092100341513
2,152,4.75,3.7726973924510494,65.55604521958347,72.98745319075597
2,153,20.124713240260306,20.753933470381007,115.05571197225497,126.66002393427648
2,154,43.75,47.90173695498158,139.57633437499734,154.8365390833093
2,155,0.5,0.34880848318152047,78.73979529168804,71.25024236968889
2,156,6.25,5.520570792548065,117.61405596961119,127.08651581795503
2,157,16.0,15.248540163241456,15.194428907734789,23.629377730656785
2,158,35.75,39.83198567645822,-32.53665493812841,-32.26101062355079
2,159,2.75,2.7093256573064073,166.72435568542238,170.92294619907057
2,160,10.25,8.463918332742734,-74.4633450618716,-84.49958852979809
2,161,15.0,14.390712031466899,-98.96375653207349,-97.76516601842536
2,162,17.25,16.354917486162737,-126.24902365721238,-135.44761417086056
2,163,2.25,0.9070725440340456,-44.75097634278764,-50.10085212285752
2,164,21.5,22.337711513827315,106.74488129694222,118.00917670801384
2,165,9.75,9.160814554523865,121.73570458892839,129.30429661775588
2,166,17.0,17.15617634816285,143.76516601842533,153.38482129458046
2,167,29.5,29.990217044485604,-129.61965527615513,-132.81538921086837
2,168,29.0,30.541843423421682,126.74488129694222,133.7811247648687
2,169,44.25,50.01716965789038,169.02386755579664,-171.4200872246199
2,170,65.21600844067123,75.54863943083924,108.65061755732182,124.92566726989719
2,171,48.410828128087275,55.10830823513984,129.22919004994154,141.72688404900134
2,172,60.25,66.28265704067891,11.810793742973054,24.04715205224688
2,173,34.0,38.26853068331197,-153.23635830927384,-152.03776779562565
2,174,41.0,43.73345754974627,-89.19859051364818,-90.0
2,175,6.75,7.272361331122402,142.80140948635182,144.53663575845943
2,176,41.5,45.00057043309072,-96.13419305691563,-96.3943977652276
2,177,6.75,5.681747621252083,-51.73979529168804,-50.24122961573596
2,178,73.21433971987358,80.31949835255672,-156.39560520616024,-154.24952587268172
2,179,3.0,1.5187506984673975,-127.19442890773482,-132.42926288930948
2,180,28.75,31.58516557084913,-167.86580694308435,-170.68679891727365
2,181,98.5,111.01339213552657,126.01689347810003,148.7069610040798
2,182,77.14913914449949,89.38474153384676,-167.95281670001555,-157.04194451117854
2,183,3.5,1.9172369082142415,81.13419305691559,85.1039337850259
2,184,28.25,30.57811292445269,102.56859202882748,111.37938577180054
2,185,6.75,5.242779861627312,-6.810793742973054,-13.555675039915279
2,186,2.0,0.32928174301179564,-86.62087398863166,-90.00000000000001
2,187,30.75,33.51058558394727,-119.26477372789239,-119.91489794782251
2,188,25.25,26.35125036218,-76.01689347810003,-74.7805351688262
2,189,1.25,0.2755529981387906,-17.23635830927382,-15.219464831173802
2,190,0.25,0.733591875275655,-4.750976342787634,-6.561770085760692
2,191,29.5,32.995695396362855,-139.35402463626133,-144.588858617836
2,192,44.5,50.3663168900035,104.56859202882748,113.532348560901
2,193,51.25,56.88250451979569,-112.7594800848128,-112.66920316399046
2,194,27.97825262920764,31.337711531533323,-107.63094805649666,-109.39512338958838
2,195,46.90443283575732,52.414471805275426,-40.036936481795195,-38.50065372034543
2,196,27.0,27.812852098469634,-48.80557109226519,-49.26789330029081
2,197,73.41737656486845,80.48605982530155,-141.62740626272384,-137.99034497516539
2,198,58.36306109495763,63.73796891623663,-142.36603664278593,-135.7440592028887
2,199,27.5,29.231764515956538,-58.82099197418928,-61.358669766163665
2,200,3.0,0.741159688178202,-122.86580694308437,-127.51178230682305
2,201,9.75,9.8940790488254,-155.35402463626133,-159.19679804889225
2,202,60.366062121970735,68.4589900356262,-157.35807054868508,-149.67639313745002
2,203,55.283690381806245,61.09326206388995,-91.7079366477321,-92.12109639666146
2,204,7.0,6.432970262257919,165.5366549381284,172.18677915805853
2,205,44.75,50.77987322624196,111.34987578006988,124.0597125878268
2,206,78.28605557939919,89.54063269169549,161.21145288607266,176.6335393365702
2,207,108.67641040670516,124.65761290832361,144.32493254026957,160.13514271756884
2,208,34.28983345808294,41.67529400930552,-159.48314656735437,-162.07490005094945
2,209,54.0,57.99154386563203,-47.26429541107161,-48.02793710179778
2,210,27.0,29.136446811576224,11.573921259900857,18.069654540696675
2,211,73.29446349071284,81.08865077749981,148.86138086123415,160.99401580396324
2,212,17.25,17.8625569906317,60.431407971172504,66.46765143909899
2,213,29.5,31.922730890118263,83.81079374297303,95.6122032293249
2,214,0.25,1.5793493875313844,-94.80140948635182,-82.05652818940962
2,215,5.25,3.585244796411399,54.85445803957833,62.27812366458096
2,216,2.5,1.1343880528696983,37.52754015165618,40.6617332085718
2,217,6.5,5.208248802384276,71.4314079711725,74.23281745752432
2,218,12.5,12.125686267833816,-31.80140948635181,-37.990615743378754
2,219,10.5,9.207600170649142,-145.81079374297306,-145.37584492005107
2,220,46.0,50.914216458662686,-32.434948822921996,-31.67546873810919
2,221,36.88194918270181,41.38425064019702,-170.99759747841443,-173.88449643371462
2,222,46.5,55.5973379202189,170.57633437499734,-179.6034957448669
2,223,76.54611122134332,88.72548085434424,160.69077661287739,177.98540121212943
2,224,4.25,2.1532477320941807,42.19442890773481,50.19442890773481
2,225,6.0,3.9488739070628536,-160.48955292199915,-167.23443421894137
2,226,10.0,9.806997475656974,92.74488129694222,96.11550356628541
2,227,61.25,68.15618525917105,165.75097634278762,-177.80506887679581
2,228,19.75,20.26036017868216,56.750976342787624,62.987334652061435
2,229,79.29519216057912,88.6348063337922,109.68674363556727,124.50852298766841
2,230,71.59639867293745,82.58945179254157,167.69782018091888,-166.97692032939503
2,231,76.46881806620279,85.96223418524609,172.17819756254198,-174.99696229495348
2,232,11.0,9.664016711690063,-115.0,-115.01689347810003
2,233,110.42195120299209,126.03635361219094,-128.79501635173608,-122.24788024979239
2,234,61.23556125163903,70.97719896453606,144.99442647708452,158.90205041101086
2,235,16.25,16.830872103426724,132.96375653207352,138.61388075200364
2,236,44.0,50.292595096109046,102.01689347810002,108.3070566703431
2,237,50.63932931367111,58.2969566644592,-131.3029410004884,-121.90015691773371
2,238,72.42266126620447,81.13501565964954,-110.2581104574137,-110.2248594311681
2,239,30.5,31.982529153976483,-32.37912601136834,-32.11483060029674
2,240,26.25,30.00879312568959,177.0,-169.38034472384487
2,241,13.5,14.354363076130674,31.83765295427829,38.44021515677809
2,242,28.0,30.229159702991723,-83.0,-85.42607874009914
2,243,17.531216797312638,18.7609715514385,172.17080131632795,-174.45879522196017
2,244,56.5,60.974400888409235,-28.26477372789236,-29.192286792039454
2,245,68.29072672927215,77.32311301790567,109.54234504820079,119.75593798910774
2,246,25.936412742377964,30.794137840402733,-161.49855574460656,-159.11538855695096
2,247,24.61175971614192,26.305377823353595,-88.46707274722883,-91.3118877825041
2,249,51.0,58.1837117360547,-49.61965527615513,-50.856013585428954
2,250,33.11409008690277,38.86451005340828,96.87327217657601,105.21946483117381
2,251,61.55088328167719,68.88218036389645,132.3697600945087,149.71204700933401
2,252,49.0,55.57516451196504,-63.73522627210761,-60.80771320796056
2,253,71.77988123583799,79.76216622601538,169.98115959543554,-178.49256424122504
2,254,37.594965644222654,42.48115029092615,155.76695489666537,165.79073270229958
2,255,32.0,35.230426193949306,-95.48955292199916,-102.35535986508353
2,256,15.75,14.232381409856748,-23.134193056915635,-25.126213255474298
2,257,11.0,10.636395059721124,3.992020198558663,3.23254011374587
2,258,51.44364179012911,56.743134304484535,-175.36643887156612,-173.45370921670596
2,259,21.75,23.26454258360151,178.19859051364818,-172.0565281894096
2,260,20.75,21.47085126088774,107.25511870305778,112.68652667423028
2,261,24.5,26.377620640909118,-25.765166018425347,-26.944174044236064
2,262,43.0,47.892986033658865,-176.82099197418927,-173.0857657020817
2,263,6.25,4.431110302255234,9.264773727892404,19.69618169906491
2,264,1.75,1.0464591662229688,19.568592028827496,20.214567392566174
2,265,30.75,33.31654133967891,69.03624346792648,73.65711745655814
2,266,30.788086062434722,33.607188149586385,106.70683533069274,114.49615256085562
2,267,19.75,20.54970040292147,98.8476102659946,106.77902744413214
2,268,4.25,2.923074698228042,67.96375653207352,72.38742215707617
2,269,20.75,21.36124400643851,63.57633437499735,68.55944089689733
2,270,15.25,15.235819053285274,-72.24902365721236,-75.86467184137648
2,271,10.935617481528208,10.107729918491751,-105.70799919768638,-108.73422759590576
2,272,50.0,56.55694753116977,-11.434948822921996,-3.814074834290352
2,273,20.75,21.498636248856062,43.072486935852965,49.57392125990086
2,274,97.53929625479618,112.29459549618143,168.73518888177892,-175.6804423498586
2,275,22.315701760904673,23.703008655217282,-114.78188576529048,-113.62937773065681
2,276,8.75,8.37472524012851,75.7357045889284,85.02586778117146
2,277,54.87040788710037,62.88674319010315,-162.5324966911401,-159.14554196042164
2,278,19.0,18.04206211834924,-16.036243467926482,-17.612577842923855
2,279,66.0,72.44442330073433,171.3664606634298,-173.26707867314042
2,280,31.502869829403384,35.48317972832611,-165.44482527935583,-169.33021719550334
2,281,58.25,65.60254698545393,34.96375653207352,47.89126959622057
2,282,100.50137592025548,115.01499158884923,-154.71037029120868,-151.25745103024838
2,283,38.82194391543382,46.03114911588623,-173.81328102991452,-172.8749836510982
2,284,25.75,27.96308889274786,-135.1250163489018,-142.1250163489018
2,285,23.8797650471221,24.984351497628843,-125.64252342231438,-124.38034472384487
2,286,8.0,7.928513994341478,24.384351815835885,26.922029607810273
2,287,11.75,11.298534696465781,75.76828893202064,80.39766666267745
2,288,73.25,80.81241619670567,173.24902365721235,-171.78721981071413
2,290,12.0,10.756878423186285,-37.96974072811031,-42.844724379208515
2,291,36.0,40.94184448242226,-79.1623470457217,-81.80832240946037
2,292,44.23488150382796,50.00973393392623,167.87152400858326,175.36453657309735
2,293,53.0,60.77677247024218,167.38034472384487,-178.64352283195177
2,294,71.81700468890863,81.50456208545283,174.74169484208304,-172.43947750607498
2,295,1.5,0.5178958298474975,-48.801409486351815,-49.87389642220478
2,296,9.0,8.029426097596263,24.072486935852965,26.435909894236232
2,297,44.02930059300543,50.459547528442705,78.06926287116234,91.63075607450139
2,298,99.25384246956855,112.55411612095685,140.8490118404372,168.80488857370003
2,299,68.06672235734597,76.39699190871073,-136.61385997922767,-130.4450338155734
2,300,73.77964879663566,82.04442022401527,-107.53402742737632,-109.87907435385786
2,301,8.5,7.509355640941229,-34.255118703057775,-33.69006752597977
2,302,35.5,40.74496768267477,-93.64597536373867,-95.3969517065263
2,303,8.121922458167404,6.9341710706125985,-136.28168808281458,-142.00938425662125
2,304,39.03581396600156,41.898350659114264,45.87282643565028,50.84456587738687
2,305,39.75,43.441094375234606,144.80140948635182,161.565051177078
2,306,80.16756875722616,90.50456589125785,-159.21594117535844,-149.77162149216753
2,307,35.62309552735277,40.02465007179208,147.52193909403368,157.27275352933373
2,308,25.25,27.5386522066584,147.19573393471325,157.73341172668762
2,309,51.27131371351906,56.289581740695596,-107.79726598342714,-109.13364320590549
2,310,25.25,27.085410078469746,41.81079374297306,48.79390026487303
2,311,43.75,50.05942825722136,-129.98310652189997,-122.24788024979236
2,312,64.24402375621743,73.06549629033464,-148.99373424608046,-149.05270304216862
2,313,53.39956214826833,60.768269369473074,-124.25291370645944,-123.2152514937372
2,314,90.40352172406118,102.68518634224003,-179.93278978919534,-177.14741494338898
2,315,42.348938232004514,48.4341030742728,-170.7158183849976,-165.7740361012482
2,316,64.92486183162622,71.96167274092474,-123.01739030653295,-122.61571609184898
2,317,9.5,11.44585763867349,118.565051177078,121.3286928678042
2,318,28.5,33.273227432144324,-179.76364169072616,179.81027956917467
2,319,67.33333535881464,75.77313599731606,-122.60119349506618,-115.94454352924404
2,320,83.30267531903701,94.31213694630814,-108.43509326487194,-98.37425902759904
2,321,67.18691656753266,77.59690828287266,-140.11971897139017,-132.21053230822406
2,322,54.75,60.66673591675545,-135.98310652189997,-131.35372879124316
2,323,53.0,58.66318691005926,147.17900802581073,157.54546868924052
2,324,17.75,18.49037488959944,-54.36646066342979,-55.491477012331586
2,325,12.787154010691712,12.241927997247608,-47.17580657089028,-55.22900828735953
2,326,115.24663710880684,130.21612066129862,-100.86001373098819,-93.17983011986423
2,327,67.74776135069554,76.59785256110463,-128.04382856633464,-121.3286928678042
2,328,71.58425823369154,81.13296436442894,-100.53561171068975,-102.23492995824286
2,329,65.0,74.79666430804565,-174.37912601136833,-172.50414236027012
2,330,1.25,1.3693939349189521,40.125016348901795,34.77099171264047
2,331,10.25,9.906701675787126,-5.759480084812786,-8.260914408860693
2,334,6.75,5.7782714837614275,118.48955292199916,130.36453657309738
2,335,56.0,63.47738245681191,98.1250163489018,111.54578947641278
2,336,92.0019540649314,105.7299064749218,136.20551645100926,153.434948822922
2,337,15.5,16.699988025666865,-130.96375653207352,-133.2285302599659
2,338,13.5,13.112503022300684,-52.195733934713246,-52.96798861675907
2,339,51.5,57.91347269504363,-88.19859051364818,-87.73524545177656
2,340,39.75,43.80942011856018,73.35402463626133,82.3371311581613
2,341,19.5,21.431460498748496,-152.98310652189997,-147.85809017299817
2,342,11.5,12.112872941359763,73.80557109226518,79.90647863847744
2,343,27.92341435743824,30.806925379534253,-134.62813353089436,-130.77971611424223
2,344,19.38965223628004,20.085277802302112,-61.6128593504791,-63.28270176004669
2,345,14.5,14.526672577651297,-153.19859051364818,-151.0735741647464
2,346,12.5,12.740232231887864,-9.19442890773481,-8.560889571164608
2,347,21.702025689943216,22.610646265097557,98.22309217178397,103.98611593958492
2,348,5.75,4.510167185793153,-35.61965527615513,-37.969531056224994
2,352,22.25,22.960847198537753,65.1623470457217,71.08986010986877
2,353,21.0,21.739672679839735,129.07248693585296,138.84474161789876
2,354,15.0,14.772813752698035,-33.801409486351815,-37.990615743378754
2,355,3.75,2.9504844452168757,-2.9637565320735177,-6.519801751656985
2,356,9.865394777902779,8.41699470909366,50.4332060685348,54.67084799504403
2,357,14.152483830687475,15.4688973134464,157.59649848282393,167.44830144927255
2,358,27.5,29.660626101009107,-85.01689347810003,-87.66701769803015
2,359,22.0,24.246902946843583,163.43494882292202,170.78897345918335
2,360,32.5,36.76217485799415,-67.18920625702694,-70.27948317784926
2,361,84.25,95.24904174840346,-172.8749836510982,-170.58437360845969
2,362,27.25,31.0462049506834,-165.38594403038883,-167.13082532733102
2,363,37.5,38.889241834743466,-31.620873988631658,-31.548387052778708
2,364,38.0,41.9014143000396,-20.34987578006988,-24.170045660205645
2,365,22.740846238097777,23.44443996143563,117.89484131998786,126.85042915202546
2,366,15.045414024613153,15.663462834351801,49.61752244509853,62.69409641353269
2,367,14.5,14.383679639933423,169.38034472384487,-178.64352283195177
2,368,52.41118681856603,59.45767233511591,-95.9020336312424,-96.11550356628541
2,369,86.28963975773111,97.5737520833203,-95.35567475234049,-83.8844964337146
2,370,23.91507290145427,27.463116601360625,151.96116538476963,158.85554410668436
2,371,84.25,94.08781446437321,33.615648184164115,53.615648184164115
2,372,88.0,99.2506133843573,172.0,-163.73979529168804
2,373,59.39123516754046,67.44933325970902,-114.80942278210972,-108.61016472782734
2,374,81.18011837965412,92.56123060783025,-114.53352055676294,-114.03653840606435
2,375,2.25,1.1573951672021903,-54.25511870305778,-57.765565781058626
2,1,19.25,19.45931932057238,-28.036243467926482,-32.47119229084849
2,2,20.75,21.345526028547425,-76.64597536373867,-76.22230973873603
2,3,81.59323903268584,91.9353562885619,-102.83271606076322,-96.09586154459582
2,4,48.8722438146031,55.43252488702342,131.08109286014866,141.97276928602648
2,5,48.25,55.35335574432497,64.48955292199915,82.6237459789148
2,6,46.75,54.247623454067515,135.86580694308435,150.06023585081914
2,7,34.0,39.25639162990409,122.87498365109822,130.26092768148703
2,8,16.524160346870634,17.17617513810072,-88.02747035408713,-87.62230233966264
2,9,61.944552006655826,69.82508612965063,-96.54500852034525,-94.83440630626328
2,10,54.496364470577475,62.12043868556954,-124.72576832028184,-126.84956557447848
2,11,29.75,31.61604917325658,70.27564431457762,77.27564431457762
2,12,0.75,0.1405729538987515,-51.0,-40.42607874009914
2,13,25.25,28.315404975630074,164.38594403038883,172.52013708730442
2,14,0.0,2.1848377894595004,-143.13419305691562,-123.39848846798722
2,15,42.0,47.480641598892,-175.8055710922652,178.069412558833
2,16,3.5,1.9422257535641656,-52.380344723844864,-49.00121871247652
2,17,9.5,8.91955680169139,91.03624346792648,96.91122711902469
2,18,5.75,4.425857824869564,-110.8749836510982,-112.61986494804043
2,19,6.0,4.642560502635603,-122.25511870305778,-127.05652818940959
2,20,19.25,19.61907176973356,96.80140948635182,108.43494882292202
2,21,19.25,19.94874316947066,116.36646066342979,119.18745263761907
2,22,21.654336942041454,22.701027752158353,40.76472332895011,47.629081885638655
2,23,10.5,9.743457716140574,-83.81079374297306,-85.12072621699328
2,24,78.75932935741511,86.94815469387477,161.34968077075612,179.5144541699919
2,25,17.0,16.61647327155817,-7.380344723844871,-7.815293546766881
2,26,14.75,14.626024559655367,-71.56505117707799,-74.9315118405078
2,27,88.25376392233714,99.39544355357276,-104.31591229243222,-98.27227521251295
2,28,94.84401511918882,107.29467094381228,148.55704746666004,165.48894049983093
2,29,94.98495910813695,108.45799416700132,130.91454641294064,149.05270304216862
2,30,19.5,20.076154581913677,119.76828893202065,130.5790826749937
2,31,31.5,33.57400375280419,-128.64597536373867,-128.9559078377589
2,32,108.7977731224274,124.46946001720663,166.89567532445818,-173.26398878588066
2,33,86.4256810478374,98.61461749291436,152.43215262825663,172.9953527587055
2,34,27.0,28.36917932044162,-29.537677791974374,-32.357847672110125
2,35,12.396947884151894,11.48256239757536,127.97861176534371,136.78991060824606
2,36,25.348619569076618,27.74300640662049,78.52700860125088,84.90788487550103
2,37,44.0,49.54492140223072,-106.39743779750019,-102.01831178613185
2,38,7.75,7.182179685796153,78.2647737278924,84.61464950796228
2,39,23.5,23.965043445506595,119.98310652189997,135.44645158377156
2,40,12.5,11.892474267969298,-179.565051177078,170.36246188706903
2,41,16.25,16.995282171590283,-35.255118703057775,-31.515323411369735
2,42,105.80014007354471,119.48055285837923,130.58141671459717,155.10734318401128
2,43,23.749885344243765,28.78484120656285,150.72872600207688,164.8440374359324
2,44,35.50878184675064,38.90508197599083,63.21839232552462,71.30101719581889
2,45,0.0,0.13629736892297728,-18.264773727892404,-5.139757378990605
2,46,39.25,45.84097737059134,167.51044707800085,170.38543072909906
2,47,40.43434876701464,46.637426698393995,97.83569716564796,110.01876039378396
2,48,29.0,29.78829806536415,39.744881296942225,49.28153623507061
2,49,34.75,38.681972926834064,-119.53665493812838,-119.54463473956972
2,50,96.0965346276341,108.91747604793643,-162.6653665246889,-156.61477894278624
2,53,11.0,10.348306083845463,13.423665625002627,15.960320563131035
2,54,84.31555211212385,95.55252634018723,-115.08245768399357,-114.48668093171604
2,55,15.468485680188724,16.49845685927278,116.123387573643,121.48058588587061
2,56,44.51665072575051,51.25922100563867,32.82309848613494,46.21887523513129
2,57,9.25,7.415929037634341,21.036243467926482,30.22544972495342
2,58,5.0,2.7464267475386523,-88.35402463626133,-92.09890593320353
2,59,7.25,5.3573452903494845,170.74488129694222,178.7811247648687
2,60,1.25,0.6571722401727981,126.96375653207352,128.0887728809753
2,61,8.75,7.7475377878001295,28.735226272107596,36.10168693553739
2,62,9.75,7.9955980598310585,-159.3664606634298,-161.56505117707798
2,63,27.5,32.81795068724483,132.46334506187162,136.8339673312148
2,64,49.12046219305485,57.251484372995584,173.38905354123938,-171.30203944748075
2,65,17.5,16.777283966805136,-70.06858282186244,-75.06858282186244
2,66,61.5,69.91286781714271,170.26429541107163,-176.54127568119355
2,67,17.70195471162712,17.711162777410017,18.669925018368055,27.004090702759648
2,68,22.041667376625618,25.551047806794305,151.1260831373054,163.98456039373434
2,1,38.5,38.61132759342389,6.489552921999149,12.355359865083528
2,2,31.0,31.3706548003943,89.73522627210758,92.99034497516539
2,3,37.904872120236334,37.59072215020126,-175.063647322146,-171.0273733851036
2,4,35.25,35.89923836712602,-129.19859051364818,-120.62999848482069
2,5,54.0,55.028100786352525,162.1944289077348,167.5443046878047
2,6,68.13587504117413,68.86627289395109,-159.37379669061625,-147.72900179143824
2,7,6.5,5.385058708958913,119.19573393471325,118.6193995597159
2,8,75.6912399673679,80.04583983821583,101.45304252127406,107.61257784292383
2,9,26.90347985643378,28.098678932414764,174.17944441916472,176.58341180822865
2,10,23.5,23.748578090163267,-175.61965527615513,-167.86867893336748
2,11,53.71353191610897,56.33912268693032,117.20224102453017,125.0532897224991
2,12,15.75,17.619010653094794,171.19573393471325,171.9593756254394
2,13,47.75,49.09251587095394,-135.38594403038883,-132.191515122654
2,14,33.25,34.17660030549373,141.80557109226518,142.0703448201576
2,15,12.0,10.414150624959753,-165.80426606528675,-167.34092100341513
2,16,19.25,18.894305144853735,77.5366549381284,74.40246188121276
2,17,70.75112555706303,73.51059689771053,167.3384906196905,174.62714190588576
2,1,3.0,1.148488500583892,63.810793742973054,66.68577739407127
2,2,24.0,24.225807348331085,51.1623470457217,63.624669253747356
2,3,76.88142737760377,83.40457322848641,168.39782322144617,167.37416312109266
2,4,56.624509469580474,60.71030980506295,142.37182396823377,149.132087773832
2,5,44.0,45.977731754484125,-170.61564818416412,-155.8804219120565
2,6,57.73245676752428,60.92798940511705,142.65903706549932,147.2647737278924
2,7,1.75,0.12052009148377056,-35.26429541107163,-36.139279062169834
2,8,10.0,7.900708782329135,21.510447078000837,22.973792139872458
2,9,25.54837675237442,26.82078094904033,159.8492185991899,161.9680629093009
2,10,3.5,2.6649612069603412,-143.1250163489018,-142.1250163489018
2,11,5.0,3.522771807870694,79.2642954110716,81.13927906216975
2,12,36.0,38.21196800018832,-50.874983651098205,-50.139757378990566
2,13,91.92476609080842,97.72514492577362,130.73142472045663,145.529069138964
2,14,39.0,40.65754388364835,139.3664606634298,143.3362013915401
2,15,18.0,18.271898426374978,-32.96974072811031,-37.245385042687936
2,16,33.75,33.54056854867351,14.275644314577626,17.654770325945968
2,1,36.25,37.84406210388975,-42.801409486351815,-43.60281897270363
2,2,63.75,67.75478328452492,-160.19859051364818,-151.07357416474642
2,3,10.0,7.900138286364428,-54.125016348901795,-54.614569270900915
2,4,103.0,109.37480700632794,-93.6140559696112,-82.85041427888503
2,5,74.86402964957081,78.88789294889185,170.5700718542881,177.62230233966264
2,6,50.93240534739657,54.38601336234174,41.70397760900348,47.808484877346
2,7,48.567266253945135,51.504551471082294,172.48461198682176,169.6111421845304
2,8,22.5,21.047787877515564,-9.805571092265211,-13.240519915187221
2,9,45.0,47.52470565402248,-81.46334506187162,-72.1990496508
2,10,14.0,13.347019177789106,108.73570458892839,109.08972922518971
2,11,29.5,31.87082158007763,-130.18920625702694,-116.80886153318207
2,13,14.75,15.511768324249259,-159.12501634890182,-159.77514056883194
2,14,4.25,1.9340326505107193,10.255118703057777,12.765565781058621
2,15,12.0,11.156523903938288,56.602562202499804,60.32691788792218
2,16,40.0,40.69277320941498,-154.61965527615513,-140.64991454804485
2,17,12.75,11.17589258989796,-12.763641690726175,-14.2259638987518
2,18,5.25,3.720343238052621,132.86580694308438,136.25015875892026
2,19,9.25,7.990907843201349,29.61965527615513,38.69214221200808
2,20,90.90767798801339,95.37974146464832,48.13886594910785,60.91441963100175
2,21,3.25,1.042079846991894,-86.63353933657018,-86.63353933657018
2,22,18.75,19.652466103042755,170.2642954110716,169.64864722690749
2,23,88.24332347137414,92.19207078532507,72.85349787039189,85.36453657309735
2,24,62.497733679885826,66.34466719174928,167.9921021441899,168.8393304769571
2,25,44.75,44.20842463918624,-17.25511870305779,-15.25511870305779
2,26,31.13446770693032,33.07929934508817,124.03801610967531,123.99840778544706
2,27,88.89728038584693,93.216728959008,90.27464968876859,100.3513527730925
2,28,14.0,13.259735996336945,58.264295411071615,60.914419631001735
2,29,32.965991266809134,34.45334299285147,79.92717142037324,84.61464950796228
2,30,48.5,49.158717895059304,60.735226272107596,65.4704525442152
2,31,19.25,17.852733101711152,46.26477372789236,48.649125543728246
2,32,32.36343107345531,32.976725030364655,177.36982381226022,177.995992908009
2,33,21.25,21.173968060732477,129.61965527615513,125.63654875425516
2,34,58.5,60.67780531432783,-151.01689347810003,-134.5535484162284
2,36,44.0,44.860932061577536,20.423665625002627,26.802791636370983
2,37,55.443078095531625,57.21839419526294,164.63127762098506,161.76059915334883
2,38,22.25,21.13263073766424,-166.72435568542238,-158.0292021541884
2,1,21.0,20.12952810589185,92.81079374297306,97.95633570339473
2,2,45.75,47.847221338795876,-105.14554196042167,-96.79151732416034
2,3,50.5,52.454947412509156,-178.35402463626133,-170.00414885619145
2,4,7.5,5.785760038163099,31.650124219930134,36.085073042852144
2,5,14.25,13.286348719722529,-159.65012421993012,-149.07378984493275
2,6,9.25,7.314913778298673,142.42366562500263,146.6787843280604
2,7,21.0,20.211972958806143,-71.62087398863166,-71.59700643283502
2,1,8.0,6.014285841984886,90.13010235415595,81.20258929000892
2,2,58.75,55.892888985547,-118.7448812969422,-106.50436138175502
2,3,70.01189221533717,65.97929768045283,-148.14899290159178,-127.17174947029862
2,4,18.75,15.611550110610423,27.145541960421653,32.76119014458577
2,6,4.75,3.032802950958601,163.43494882292202,151.69924423399362
2,7,61.25,58.05042619074009,73.57633437499734,78.32121567193957
2,8,32.5,28.706201971755473,162.25511870305778,157.68652667423027
2,9,11.5,9.406641822482912,134.13419305691565,118.00917670801384
2,10,7.5,5.874698342495649,84.61564818416412,85.89129249874173
2,11,4.5,2.8411963250413907,-35.27564431457762,-34.66158834496643
2,12,16.5,13.028107379445341,-153.61405596961117,-129.03772159461386
2,13,17.0,14.243104593700066,-13.576334374997344,-18.507751553134902
2,14,19.0,13.579108032330954,-122.06858282186244,-109.76373635309642
2,15,37.5,33.844675625997276,3.607502246248913,17.57125877832243
2,16,18.0,17.25890280779699,152.18920625702694,151.18920625702694
2,17,40.25,38.350884448861144,139.3859440303888,142.28503648417657
2,18,23.825386063466034,21.907419233890995,95.57549105606176,99.52168067372321
