2,1,1.25,0.7286122159012246,-150.56505117707798,-156.3706222693432
2,2,16.25,16.791742982910904,-54.57633437499737,-51.17889657749714
2,3,22.75,26.902340039083825,-3.397437797500203,9.445335615130716
2,4,65.03114388945536,72.70510425096286,-124.83500056171437,-113.00887008282285
2,5,63.18409826524259,69.74208824172925,-157.31593914703743,-143.91492695714788
2,6,13.5,14.612662849380646,19.34987578006988,25.71329873845316
2,7,22.0,24.052881340068502,1.7357045889283924,8.445541396685321
2,8,90.166237256142,102.91488917632446,153.26084017101405,-172.6656211985833
2,9,42.75717380036171,50.818042300774806,-166.75439606486196,-162.14968169778317
2,10,66.5,74.83958625282568,-61.195733934713246,-50.630682757635256
2,11,37.74046491002056,42.822697988842535,179.89048035940903,-157.9887168020806
2,12,42.0,49.96838755202032,50.152389734005396,69.71744091108337
2,13,29.894613303421217,36.354431561493726,-137.7634923506248,-141.00900595749454
2,14,39.0,45.77023316545262,31.443954780416533,47.06381972845696
2,15,59.857480156122314,69.21910274713447,-169.07456861134438,-164.32970175579737
2,16,2.75,2.885647649065678,24.615648184164115,30.417057670515927
2,17,5.25,5.84547289525847,107.98310652189998,115.17753542963479
2,18,12.0,12.689286915039789,13.03025927188969,21.59531044896768
2,19,39.25,47.02302000902202,111.43494882292202,131.6335393365702
2,21,48.75,56.635290884823156,-101.98310652189997,-92.23843489684305
2,22,34.54058367415474,41.72406373502419,171.0164696766613,-166.83145271423567
2,23,7.75,9.132785736263033,174.53665493812838,-171.08300033802675
2,24,9.5,9.994480245707376,-128.02386755579664,-127.99360828390695
2,25,9.5,10.27448656319662,41.431407971172504,49.064947307742685
2,26,40.0,44.61541631198561,-154.0,-150.25511870305778
2,27,16.0,16.957917321375103,39.255118703057775,46.2188752351313
2,28,33.907980118287995,37.309531034691176,-116.1700388478409,-106.34288254344186
2,29,39.27583852089989,43.88563371528225,-129.46809313023698,-123.05582281155364
2,30,2.25,1.2810665030028316,-6.565051177078004,-9.323591778138024
2,31,13.75,15.117756656883437,179.75854060106002,-166.86233338757162
2,32,46.0,53.027866644417664,-121.37912601136834,-107.85031830221683
2,33,82.09174339261573,95.29160457827436,168.07199576513506,-163.23744553816726
2,34,19.25,21.32460759204093,25.92751306414705,36.106521089957766
2,35,22.25,24.98461622075787,-145.17900802581073,-137.98980176878376
2,36,67.68412109216403,78.940984148355,-164.3642820512789,-155.58791161202245
2,37,84.1030709615705,97.56732356806849,122.7161431627635,164.41559883309554
2,39,31.25,35.8149388887215,90.4314079711725,104.5564243200743
2,40,26.75,32.21611705931759,22.874983651098205,36.32682595212026
2,41,31.72793428675987,38.04269897277252,101.9496673966305,128.71750791183862
2,42,5.5,5.793771118262756,-123.13419305691562,-126.68235075589357
2,43,66.65072452131425,75.09217154982241,138.69592517005333,178.2701163781869
2,44,9.0,9.38937419670539,-121.6335393365702,-117.01266534793855
2,45,21.25,24.14201565994114,20.73522627210761,29.55539615224336
2,46,109.8290626635589,127.41885273649319,-149.95656307108135,-127.42146452514021
2,48,38.5,44.12696809981656,-105.26477372789242,-97.69085246799155
2,49,42.33053891940139,50.62129013856622,-99.84392474243424,-90.0
2,50,57.4807871824728,66.47272016804651,-75.26359988277959,-61.55005370410421
2,51,79.8422170310229,90.85634246185828,-126.66468774260909,-110.75909382790425
2,52,12.0,13.494109280913952,159.23171106797935,173.42613997571416
2,53,38.0,42.820491945992025,-170.9697407281103,-165.79073270229958
2,54,36.456100833632405,40.217203210300774,-117.96060109911616,-106.68945510381157
2,55,30.25,35.17714466070652,-127.48955292199915,-128.87390473783503
2,56,41.5,48.59287176478835,134.38435181583588,158.85554410668436
2,57,1.75,0.4499570159425602,-61.47119229084848,-62.216073587790675
2,58,8.5,8.325731351865407,-129.03624346792648,-134.41536947929484
2,59,7.75,8.248754866919935,173.37912601136836,-168.05582281155364
2,60,10.75,11.61389622541623,49.434948822921996,52.54942176826326
2,61,38.85928538022678,45.52996843782807,105.76877592624278,121.9447527762034
2,62,26.0,29.50370109836666,-1.1985905136481882,6.869992308214265
2,67,8.75,9.22762175568095,100.23171106797936,107.04250481095242
2,68,52.75,60.52853813212653,98.18920625702694,120.60997938453792
2,69,33.625228670376266,39.018042459747974,150.32926780266007,170.77365578022383
2,70,45.25,50.03263035384095,-16.735704588928385,-6.634797042716151
2,71,19.996994380921564,23.167902345850557,127.12892009502521,146.13162668185515
2,72,42.0,47.72973911304789,41.568592028827496,60.31956837161515
2,73,26.25,30.330196172581687,122.46334506187159,142.0283962389496
2,74,13.75,15.777069410192944,-91.56505117707799,-82.87498365109822
2,75,17.5,20.01833558563019,-74.69006752597977,-73.49563861824493
2,76,85.88834055652151,99.15663965112746,-90.54162732729432,-76.46414363086576
2,77,87.25322511333808,98.97688915152864,-163.39479619006926,-137.17474411461006
2,78,13.25,15.202260197882861,133.73979529168804,143.75668876978807
2,80,35.5,39.19584361986533,-80.07248693585295,-75.56203985785211
2,81,2.0,1.235303228493331,-127.51044707800085,-130.66283681200625
2,82,30.5,34.23021899034775,54.423665625002656,69.06964098874133
2,83,50.96040938814272,57.12813151101531,162.88696898744686,-174.62210780794203
2,84,24.0,26.60124274898162,-144.02386755579664,-135.28864128368903
2,85,68.9689961839508,79.76731634112481,164.27786276849355,-165.53262811034182
2,86,63.23914981904999,73.85637059967779,105.85552103516268,137.99183074596903
2,87,4.0,3.6278999232187767,57.384351815835885,61.8476968777075
2,88,0.75,0.45661731631092045,-41.81079374297306,-46.46091796290318
2,89,14.25,15.238394953384722,6.927513064147043,9.802496715245244
2,90,67.25,77.53233838635974,150.7636416907262,-179.63506366426932
2,91,70.53763435755823,81.68842717699968,149.61620664402375,178.90878377473737
2,92,82.97340853759523,96.51403740409667,111.5144695603014,147.06687139807516
2,93,76.03873513885412,88.55354416899995,139.71917881242513,173.72795953148062
2,94,43.0,49.60719319767421,-83.6335393365702,-72.21276620905921
2,95,63.84120422276645,74.58548681651166,-161.85056272993035,-154.3905138556213
2,96,1.25,0.544613836723062,-107.0302592718897,-108.22884978553789
2,97,33.0,37.874125575283934,-117.53665493812838,-109.53665493812838
2,98,36.0,41.41739930513947,89.0,104.03624346792648
2,99,11.0,12.067989656755152,-135.03624346792648,-134.41536947929484
2,100,15.75,18.197032779510685,41.73522627210761,48.25933726886187
2,101,12.494651966470796,13.66072473975437,112.73266161273877,124.6778279256196
2,102,66.06111647111773,75.64620060323732,44.416885124277506,67.94771804019584
2,103,39.75,44.43600632621371,54.255118703057775,75.51023740611555
2,104,18.5,21.327981898269282,-167.3895403340348,-161.25534727711917
2,105,17.5,20.770840662654464,110.86580694308437,120.42185216266783
2,106,104.27677516366124,118.9852723742194,136.98194185935705,-176.11209043916693
2,107,101.33144664828994,117.16095524112144,153.58772453463104,-168.90627698844216
2,108,10.0,9.992067881735723,-32.65980825409011,-34.26110289909457
2,109,56.146880194246236,65.03905236602014,-106.67157047789993,-101.60641510335712
2,112,46.5,52.92638288427474,-104.81079374297306,-93.34744868110144
2,113,3.75,3.1496225747394417,-111.44395478041653,-111.95440185841738
2,114,0.25,0.18154702881638893,-25.48955292199915,-20.924501744921173
2,115,16.5,18.683624180413215,177.85445803957833,-171.41031568831406
2,116,26.5,29.534112471486395,-163.73522627210758,-157.86941932902323
2,117,2.0,1.7700487177632063,149.13419305691565,154.1887971559928
2,119,6.0,5.695410924895093,76.75097634278762,81.78721981071408
2,121,4.25,4.568194721530953,142.01689347810003,150.15108653501565
2,122,15.5,16.8546384077457,74.86580694308437,89.56096047431834
2,123,37.5,42.72247415164894,64.80426606528675,89.30853278449095
2,124,29.255257389626877,34.3256528924805,-174.3672776937322,-171.4740074473145
2,125,34.25,37.57172928812178,-17.030259271889697,-9.651133260521352
2,126,48.41510337433676,54.70491503541069,-107.15022143030826,-97.99899095940877
2,127,79.81704331990551,91.55280980033095,-157.89196170434593,-141.1199303436476
2,128,22.75,24.975084608807627,-80.26020470831196,-76.51532341136974
2,129,9.0,9.239525848751457,31.03624346792648,33.47627829610268
2,130,108.7585916021984,124.19645853852049,177.11741896252232,-136.51832780214795
2,131,93.85678299727746,106.41927222392232,161.96726879902644,-159.07810047959845
2,132,48.25,54.39167035301083,-112.29016319224309,-100.64418782850441
2,133,46.13619029058374,52.041866309985934,166.68368024588167,-173.2656306398938
2,134,20.75,22.57551143308675,-91.27564431457762,-96.7156791427538
2,135,52.0,60.09580243524986,154.44003482817618,-170.56794497326516
2,136,38.75,42.95261554249012,13.007979801441337,27.36200443770266
2,137,37.56268580830209,42.09752142196283,-156.7971673435573,-149.75146243376153
2,138,39.0,44.07040221309544,-125.48955292199915,-123.45330945407267
2,139,46.25,53.3352853635692,22.02386755579664,37.5977888156975
2,140,61.36182504212863,69.96004188346558,-177.3609454871633,-156.92794589616219
2,141,87.32616782166845,100.21569434886528,-149.89530253275782,-142.26954014990227
2,142,99.0813149954844,114.51156256830465,129.8942656596563,176.97758942242493
2,143,68.02732377209894,77.72198774048417,131.13431517442046,157.74688290995093
2,144,35.25,39.644955226386216,166.1944289077348,-164.18591581611008
2,145,52.98556084624661,62.11487571428247,163.32507349375646,-172.18470645323313
2,146,63.0,72.7105202094435,-172.4400348281762,-151.95048190617706
2,147,76.65992853315487,87.27366274481192,-165.47137490959565,-152.74467162505692
2,148,52.17720420207118,61.47377493107499,56.09347683969439,77.03178679124352
2,149,69.59998547820462,82.85969031041368,159.9780547665904,-165.68097783582294
2,150,60.24488713600667,70.66979473081851,-75.49168921487764,-65.57124707104768
2,151,86.07148558240861,99.52558898831956,-157.48768597937635,-140.83949231151746
2,152,14.5,15.218815187360615,38.42607874009914,50.43405854154048
2,153,8.0,9.0987293729986,-170.61564818416412,-170.18069936124212
2,154,19.25,23.299565931701892,115.565051177078,130.0607844578738
2,155,102.48783176545571,119.5063812670775,146.61340080783688,-168.8721684946322
2,156,43.89452049121776,53.071452398210994,-166.66525641829602,-157.88786019723523
2,157,2.0,1.1507694505601198,-63.576334374997344,-69.43079241457569
2,158,37.5,43.734530307416726,-150.80140948635182,-147.7111325655295
2,159,88.27845333105866,100.69794762265737,155.3394359642209,-165.59171124487023
2,160,27.75,32.17720939331112,132.50143432404792,151.5316935959376
2,161,0.5,0.15032101059457442,55.1944289077348,55.721969059390986
2,162,35.75,40.634417547173435,138.69006752597977,160.07441934181566
2,163,110.86369812411108,127.7460830646781,-179.80208294336484,-155.84297476896086
2,164,56.276598332637725,67.38458895638472,-168.83583880115987,-157.2108301140084
2,165,3.75,3.7280736766359124,134.9697407281103,145.4972808797665
2,166,34.5,39.741163477465626,6.8749836510981766,17.31893843151471
2,167,9.25,9.488337266686942,-106.44395478041653,-101.20343486522933
2,168,63.08106030989867,71.3797759130888,-97.577182822174,-85.88649527892589
2,169,47.05131027630373,52.23812030816288,-155.1688680787263,-149.56691421001807
2,170,5.75,5.696895767965062,115.03025927188969,128.2945546829613
2,171,45.5,50.47833097018393,15.735704588928392,34.47093086103599
2,172,7.003429285921827,6.824171189085249,-145.70720936947555,-145.9338167857558
2,173,72.91782266744119,83.05271045382233,-20.27877145629762,-2.0025331318268798
2,174,90.89150464262096,107.7014471580421,-151.1012222487842,-131.16949862386812
2,175,85.0689451286391,99.11457324415902,172.17858506542854,-149.1670555226312
2,176,2.5,1.2528197089095685,-41.46232220802561,-45.84667402386151
2,177,0.25,0.14723316038193976,-104.61564818416412,-100.46325845015872
2,178,20.5,23.88059273999255,131.52754015165615,144.9262455066517
2,179,109.69567523793738,130.16933269166032,170.54783264368825,-148.54654787479723
2,180,60.54545210986221,70.03106101720957,-134.48597050153907,-118.59596541393111
2,181,50.22246387102948,57.74979516499144,-149.2977413805261,-140.69570338224415
2,182,20.25,23.3380037970403,-140.73570458892837,-141.30962584882923
2,183,20.25,23.599230962401,82.57392125990086,94.57392125990086
2,184,78.84573186761632,91.18761753958431,106.33419653446339,146.97613244420336
2,185,74.7294964217372,86.49348652249995,133.27019848598513,163.04015297793498
2,186,43.898505006475276,50.30469658480373,-127.05846014198876,-116.3950345261977
2,187,55.97488951984614,63.4364838566831,-158.0427442285747,-149.0004783168208
2,188,1.0,0.5973799875039936,-153.2642954110716,-157.70825019148813
2,189,18.5,20.712822068075837,16.64597536373868,25.443377201972872
2,190,17.25,20.073090386196366,-5.426078740099143,0.0
2,191,112.79264731385778,130.90763375813293,168.39890656813367,-145.85641334806226
2,192,90.14274027965756,104.21182712304292,156.1513044055037,-164.74488129694225
2,193,78.63650620776575,88.87560703192275,-163.84411658527495,-147.75103176614238
2,194,65.29915327383682,73.71715613703219,-171.38321564772278,-156.22971352322202
2,195,83.75,96.42470372531861,-151.46232220802563,-134.4543424065843
2,196,81.20906654298389,92.09694344409017,-175.32285534137202,-154.47030200946696
2,197,34.75,39.92460749785073,109.46232220802563,128.2731159509987
2,198,57.154122587404274,65.42053679289786,-172.35113775967608,-162.64597536373867
2,199,59.86876241310285,69.3823215278921,166.26028984242092,-172.8749836510982
2,200,25.338230613593666,28.191337952571583,-144.0117675903864,-137.808484877346
2,201,35.29933376021123,38.94317269295553,-129.510689365885,-131.85840387873264
2,202,10.0,10.662961421234908,117.87498365109818,132.84472437920846
2,203,31.0,36.365122148214475,-36.969740728110295,-35.54896760059931
2,204,36.5,43.657033408519055,-122.42077312751098,-111.1306099352679
2,205,54.02456622601743,61.7618927870168,-102.12411448438147,-93.29814299368442
2,206,19.0,20.840833204344715,18.615648184164115,27.050597007086125
2,207,3.0,1.9917468450420017,-71.43494882292201,-73.30075576600638
2,208,66.99791689343628,76.97651858888148,-158.11061449396786,-144.23666059615553
2,209,54.09023880339929,63.384831382627574,147.91145335113018,177.36324157385954
2,210,3.75,3.465042612567097,50.016893478100016,53.089380413952966
2,212,14.5,16.88388629328743,122.96974072811031,133.2599039203534
2,213,12.75,13.064824029063338,-134.29016319224309,-138.15597013532744
2,214,17.5,19.284373723523604,2.865806943084351,20.751333997743075
2,215,27.461603234355152,31.57494961086081,137.93363724121627,159.65215073731565
2,216,24.25,27.775612281260507,-37.53767779197438,-37.1742548335911
2,217,34.6328541834868,40.147010742580626,-143.3989216431239,-137.93734421828412
2,218,35.025481026084655,40.90331467337627,-77.31099021090495,-70.6102099232058
2,219,12.16431491295307,13.991517993390117,142.41832794187934,154.23949299131178
2,220,85.35572155078196,99.77758428913074,131.24025833562305,169.99716760484372
2,221,3.278985362883297,2.6354656367332026,19.723016972563514,23.498565675952094
2,222,35.104821551184415,40.9968881134512,145.25367546566338,172.56859202882748
2,223,12.0,12.37026492369783,-98.56859202882748,-105.76718254247567
2,224,26.0,29.301836169732223,-161.01689347810003,-152.89187712919824
2,225,16.677101519980422,17.7698156571772,71.45673005799986,85.03025927188969
2,226,13.111138855485287,15.20014466720252,160.46194873721785,-180.0
2,227,96.0,110.84260128338721,-39.0,-22.61986494804043
2,228,86.89199064712696,103.52170228409953,167.58731570419548,-152.98142969696403
2,229,0.75,0.42222769944332145,-117.57392125990086,-124.31880255684308
2,230,1.75,0.42307963598506204,-21.240519915187207,-21.856168099351322
2,231,43.25,49.44917868761213,-57.384351815835885,-48.15264074785654
2,232,74.81462040730312,86.15261204353098,121.64660629051393,154.47030200946696
2,233,39.5720921149533,45.08012710288364,145.13291611888886,173.568354573556
2,234,43.25,48.289893514065696,124.42366562500266,146.0445396136343
2,235,66.5553304255748,74.9190293013104,-122.49233319247222,-106.91148403127019
2,236,9.25,10.224601554183154,117.38594403038883,126.7662887542337
2,237,79.60301039085931,91.51434930305338,85.59764992040381,125.8207789216302
2,238,61.19350335110183,72.566494604333,-125.1117614404154,-111.83466298204526
2,239,40.54304848215364,47.66048624628114,137.29211561713464,155.93613855598176
2,241,12.25,13.925926820232313,143.01689347810003,152.5854855069275
2,242,4.0,2.9304218855152366,-6.568592028827493,-9.496105092974535
2,243,33.5,37.84074166735186,-40.82099197418928,-32.53082878194621
2,244,16.23302688964852,18.571945901377198,-119.75817240995403,-116.51854487275153
2,245,40.118166093265216,44.90257671477663,-30.43881555830842,-24.486680931716023
2,246,1.75,0.9990037584596144,93.26477372789236,95.42200031526147
2,247,68.25,80.62616713277484,-169.15722658736905,-157.51498013016032
2,248,94.87607169033828,110.12634339649428,-172.21430187492246,-154.00870712063855
2,250,40.75,48.207459605162946,85.8749836510982,105.49484859913863
2,251,7.75,7.639851114151298,-75.61986494804043,-79.59599739224379
2,252,78.7691681004741,90.14314545246417,-97.59441183740302,-83.56835457355601
2,256,60.06944952263642,68.72044137170221,-131.61301404976345,-115.05007635827792
2,259,32.116908927940045,35.37659134942642,-103.75171887651027,-95.30092651652569
2,260,1.0,0.4445029886734216,124.74488129694222,127.17628926811473
2,261,14.5,15.012822558969612,-17.46232220802562,-16.587338556927413
2,262,22.192125292845596,24.612957916820868,157.9227844601007,179.1574757392596
2,263,17.5,19.72226458243432,131.30484646876602,148.6713071321958
2,264,64.73964758399339,74.42077287366473,-178.06700944399984,-157.5454686892405
2,265,22.838730846800075,26.82205628950776,125.65121619802929,141.1155035662854
2,266,17.5,19.582147772811734,-128.74488129694222,-126.32682595212023
2,267,77.74518792423184,89.31250961552846,-160.7339114440863,-147.78010337636047
2,268,65.26426132025024,72.49898258735409,111.14479946397572,142.8917024282357
2,269,38.25,43.407889038821004,171.1250163489018,-163.41266144307258
2,270,49.75,56.33563069144108,-155.76828893202065,-154.89839128617663
2,271,40.37507300463931,46.67112995942583,74.90736000124217,93.26251541217106
2,272,32.25,37.37671038729198,73.63657704161672,89.90087245268833
2,273,17.75,19.80170937446676,-101.26429541107161,-94.97413221882854
2,275,0.0,0.4746097550344995,-12.568592028827492,-7.189466017459149
2,276,9.25,10.20320009351769,154.65012421993012,165.3744799053525
2,277,35.75,40.357787346025226,-167.93141717813756,-166.8589302422846
2,278,38.91222433398476,43.86730266062211,-120.41087410852444,-114.70602627242314
2,279,27.25,31.264957892899407,-128.36646066342982,-130.93505269225733
2,280,20.75,24.23055665121747,137.56859202882748,156.30838732051552
2,281,15.75,17.8482576881946,95.26020470831196,106.26020470831196
2,282,10.5,10.47937989052423,-71.38594403038881,-81.0760115563686
2,283,14.0,15.12092562384032,-32.03624346792647,-30.296448176238428
2,284,60.482117751351886,70.24845862765663,-143.24959309090582,-130.7159277358914
2,285,25.25,28.64318232811994,-95.02386755579664,-94.21307381282358
2,286,15.25,15.802727330601371,-20.810793742973058,-17.042504810952416
2,287,30.0,33.434794449295765,140.7352262721076,160.3038183009351
2,288,16.75,19.597612687192207,109.43140797117252,122.89475303304414
2,289,7.0,7.666157276398591,158.53665493812838,175.90727720747157
2,290,15.0,16.02194780155261,-35.37062226934319,-35.406865737269655
2,291,28.25,31.49994247274596,-71.96375653207353,-66.50143432404792
2,292,14.75,15.248913589316562,-52.46232220802562,-54.46232220802562
2,294,63.77167342885942,73.53946806960316,-96.8207049011322,-86.76899009963178
2,295,1.25,0.7784569264706114,-50.80557109226519,-54.42644508089685
2,296,19.0,22.424744641599414,93.2647737278924,104.55538377053094
2,297,45.97230917596058,53.12793191929174,173.80406462551787,-153.4798162996655
2,298,55.625645462610706,62.35973010971062,-132.74654056429904,-123.78053447108337
2,299,21.5,26.647762289930654,-50.56859202882748,-42.20405545573013
2,301,41.0,46.548038127478286,-144.86580694308435,-141.49934627965456
2,302,12.5,13.536427248346945,-102.70983680775693,-103.83485315665874
2,303,78.1937531285828,89.55584225511284,-96.27223538723595,-78.20452169597164
2,304,36.98008213643562,44.053697414003764,141.59420529256937,162.78392641220927
2,305,47.5,54.49130028761858,35.03624346792648,51.91122711902469
2,306,12.0,13.230938928268555,30.573921259900857,38.26398878588064
2,307,49.328981507805636,57.3115039084652,167.2904174426049,-160.07441934181566
2,308,56.99339843575864,63.40088963921697,-59.98903168581499,-51.2297041537753
2,309,100.12325116210727,114.43996631181211,-159.00150295199285,-141.3117993897041
2,310,14.75,17.05135134651585,53.0,58.495733280795775
2,311,78.51010921003083,92.42201005147591,103.04316274568379,139.29584051127154
2,312,50.588795229380324,58.04364566992082,-114.76908321226426,-101.01383289035144
2,313,53.54477781437341,62.56200795140714,168.8205413460637,-170.15098548888295
2,314,17.75,19.323650479858618,-62.189206257026946,-56.21946552891664
2,315,75.2014086411028,86.71433538636842,153.3826522797389,-171.9751239361938
2,316,43.707772933209704,51.64415482494755,-148.05889997840447,-134.7540968767293
2,317,25.25,29.709218825118015,5.759480084812786,22.669203163990467
2,318,31.611387746910545,36.516785721362446,114.22556013516908,137.6942842898561
2,319,21.43230317712228,26.454520361279545,76.36597862404712,93.4212192764293
2,320,43.0,50.061766222013944,73.70983680775693,95.07325976614021
2,321,18.89573663485771,21.506631878778407,118.29914740505617,130.0302592718897
2,322,44.826840978501956,50.98835644577027,139.3892723404466,167.3196165081802
2,323,83.17962272644405,95.07256913940572,-130.81131613006306,-114.17004566020563
2,326,22.0,24.33821938669301,-46.125016348901795,-43.994913994745815
2,327,36.0,42.23424999026974,-163.13010235415598,-155.93436841944273
2,328,37.5,44.38317582654464,71.62087398863166,91.12514070783585
2,329,63.3373317556281,72.63845036687933,158.52473097188914,-169.3913272384723
2,330,5.25,4.915161850967458,110.38594403038881,118.9509952074668
2,331,43.25,48.75599051546963,39.43494882292201,58.4652080948117
2,332,4.0,3.571938513750481,-123.23635830927381,-125.041929401539
2,333,81.25,92.92971698110819,-120.3664606634298,-103.37444046487114
2,334,80.66303723471884,91.82762954131633,138.17180739284015,176.63951573996076
2,335,19.75,22.695305376776567,165.97613244420336,-169.75957214472504
2,336,34.5,41.62997930952876,-178.2642954110716,-179.90087245268833
2,337,7.5,7.22706013627647,-3.0,-3.0127875041833363
2,338,76.27816178876726,88.58285028613334,150.23592972432124,-170.17010766536254
2,339,10.25,10.339483199576337,-21.19442890773481,-20.449547610792592
2,340,42.0,46.862800727275825,-92.74488129694222,-94.18491612511843
2,341,17.108615692098695,19.86906136840342,-88.96078310558005,-92.36137465817558
2,342,53.0,61.458221862755664,-39.983106521899984,-24.74674821262616
2,343,5.25,5.201914874549101,127.57392125990086,137.83821667097246
2,344,4.0,3.5072942781926044,166.26429541107163,-176.54127568119355
2,347,29.75,33.268862139512954,-122.01689347810002,-116.75259806702842
2,348,33.75,39.188511054990535,-138.6335393365702,-134.12309225856936
2,349,22.5,26.282646290186825,19.48955292199915,28.049518093822968
2,350,1.25,0.29222197908485836,-84.55996517182382,-82.53609761602718
2,351,1.0,0.36107414629015955,35.255118703057775,38.88449643371459
2,352,1.0,0.4231226808259374,-6.820991974189283,-7.386043151267273
2,353,33.25,37.97969314466479,-150.43494882292202,-150.94539590092285
2,354,25.0,28.20047326432275,73.51044707800085,89.89639110838966
2,355,8.75,8.48492033199326,-40.29061004263853,-42.096181134903716
2,356,12.75,13.298254930154586,70.80557109226518,79.61114218453038
2,357,73.13631004311733,84.1838052834188,145.63515438218613,-174.80557109226518
2,358,67.13197318193004,78.18255848206778,-160.80970753698955,-149.03624346792645
2,359,2.0,1.164777445500805,-99.23171106797936,-109.19546760005288
2,360,29.5,33.61072427259083,59.96375653207352,77.60033357369024
2,361,11.608030682324747,11.53288631649335,-2.501034704332568,4.899092453787766
2,362,40.26205183453588,46.431923921675235,-168.9629621643731,-163.8298057253014
2,363,12.25,14.181212769651934,-171.53665493812838,-178.9806097185449
2,364,12.75,13.9240377662638,115.24902365721238,127.50414236027012
2,365,29.25,33.68932171109697,-1.255118703057775,6.115503566285412
2,366,59.182738786504,67.82585553737863,118.47237450973003,150.95518503110492
2,367,43.21898211529005,47.74013262710546,-170.79408605599963,-165.37055136618943
2,368,18.0,20.985963677887447,95.03025927188969,104.2092672977004
2,369,15.0,17.442054605476695,-93.17900802581072,-90.74405920288872
2,370,14.75,15.96932343948687,30.565051177078004,37.27817419986903
2,371,47.22375226453353,55.11144166123724,177.67849439869153,-155.17544523081665
2,372,6.75,6.948283144039145,112.76828893202065,124.96687944566884
2,373,0.5,0.3558104164060478,150.75097634278765,160.13692037317645
2,374,6.25,5.971678595740842,-145.7636416907262,-148.3792898748903
2,375,34.42831806602853,42.87118658263186,-116.03132022530826,-101.22245806944483
2,376,71.4592969965077,84.45420027429276,-141.10299630256432,-124.41975034315658
2,377,68.84651461017681,79.85963824632054,-158.96179034449574,-150.31063785187615
2,378,94.34486836081655,109.29479419665942,-170.17978143814295,-150.0684881594922
2,379,62.233196500769466,71.54357735015704,156.13006011562507,-169.38034472384487
2,381,26.75,32.02379296698838,98.03025927188969,108.52882494784178
2,382,71.59030397415833,83.043390440753,149.5521089854197,-170.79139539685417
2,383,46.5,53.527514574076605,-121.75948008481281,-114.63446373591101
2,384,43.25,49.08432685565802,-154.1250163489018,-150.7406645330659
2,385,14.25,16.370004326201006,-140.38435181583588,-141.00522580446756
2,386,12.0,12.25800871717039,-52.37912601136834,-55.39601948946836
2,387,65.5,74.810975350166,-105.24902365721236,-90.87840138786918
2,388,35.97526853620581,41.63074203008707,-165.6617216475906,-165.5329693150649
2,389,22.75,25.941448184368326,20.12501634890178,32.94600832309108
2,390,8.407597842787176,8.668721266073154,-122.62594824809169,-129.85723544211578
2,391,44.25,51.332531501805576,-116.02386755579664,-111.71393508177644
2,392,33.42423901220775,40.13995350523404,131.53863678896602,152.9765923649216
2,393,29.25,32.33699310743734,-69.74488129694222,-67.31347332576972
2,394,17.0,18.283372763433313,-150.43140797117252,-151.59375501689422
2,395,7.75,7.221875654167369,-13.837652954278298,-12.639062440630113
2,396,41.0,46.12356842149529,126.14554196042167,142.21802889627463
2,398,0.75,0.2681769137830365,59.536654938128386,64.53665493812838
2,399,11.25,11.560984708264995,-76.48955292199916,-77.23443421894139
2,400,41.0,46.08854481550131,-173.65012421993012,-171.08507304285212
2,401,5.5,4.6716538369789635,-9.565051177078004,-10.304846468766073
2,402,38.78838647084989,45.547791227299314,89.05583563934205,105.49927537650086
2,403,46.995417525957365,53.39130486966782,56.08497775137487,78.22362643708719
2,404,78.45052148765664,89.87253381296756,104.95605556606125,136.5256770123812
2,405,50.69430057480132,58.934782261678386,121.69065460824936,149.00421676387631
2,406,17.75,18.79624498495089,9.615648184164115,20.591780628367466
2,407,17.25,18.76547134570976,46.02386755579665,61.8346612987697
2,408,18.5,20.310633431876987,-153.64597536373867,-157.74688290995093
2,409,45.880675928594606,51.844139740022044,-160.7792927671129,-163.39301942138297
2,411,28.75,33.89130562599279,97.75097634278764,112.75097634278764
2,412,8.5,9.066431551985653,153.63657704161673,169.66044459741337
2,413,17.25,19.761356753418486,89.97613244420336,106.87522489799113
2,414,58.010642407085754,67.78451693199965,-153.3128842119452,-147.33050042496026
2,415,5.5,6.295896439544055,170.1250163489018,-175.36453657309735
2,416,8.0,7.979685812844943,-36.61405596961119,-37.419627061876376
2,417,57.75,65.99963871078158,-6.19442890773481,4.813550893706527
2,418,96.65646154900415,110.35857323250113,176.6345559047321,-135.917702880619
2,419,16.380486878668826,19.667497396819165,130.40326867205096,145.44637801730607
2,421,6.75,7.490845653404882,161.0,175.0302592718897
2,422,54.5,65.56284328743554,-60.03025927188969,-46.03926522938423
2,423,25.816412000365318,31.843667138596206,174.09779424103942,-163.68830009381932
2,424,14.5,18.133786994939857,150.86989764584402,164.17384592382746
2,426,17.75,18.40028173941717,1.6951535312339843,6.62266659538102
2,427,12.5,13.439270140315978,-54.17900802581073,-54.171028224369365
2,428,72.26992190064468,84.18166632347088,-100.66555137468279,-88.03184735723798
2,429,115.38272210585892,132.89582453632804,-160.77556137790975,-132.9398889762769
2,430,50.67321751723896,58.51599440041413,-134.89659030035807,-120.29644817623841
2,432,22.75,26.112416306241315,158.0,172.56859202882748
2,433,22.5,24.83485300291572,-139.53767779197437,-129.11401216697175
2,434,58.0,66.49701114478398,-102.80557109226518,-89.44103451916783
2,435,62.67686911473612,73.19283849974384,152.3271910778605,-178.55587446906412
2,436,21.25,24.49527130393723,-157.2642954110716,-153.2474019329716
2,437,32.5,36.67874067422892,-48.14554196042165,-37.38606187560886
2,438,18.0,20.95840400900984,-109.7594800848128,-114.3280721136403
2,439,25.5,30.25373686367744,163.56859202882748,-176.1214754971523
2,440,17.0,19.589028081557803,-144.30993247402023,-141.11550356628538
2,441,7.75,7.694571032569021,26.805571092265183,35.231649832364326
2,442,57.1896050548785,67.79823119776744,-91.37314851927573,-81.12744530218346
2,443,3.0,2.9464426763665186,146.42607874009914,160.8052047514675
2,444,12.5,14.718162520674113,134.62087398863167,147.88516939970327
2,445,24.75,29.497326153870667,166.7357045889284,178.3692439254986
2,446,37.530177552786476,46.08104227961794,176.46516175504533,-153.91946817796673
2,447,65.0153792758557,78.20170608053728,-174.40875787388705,-166.28672819304748
2,448,69.66819750341371,80.72128189891397,114.24096489096898,145.02260353249517
2,449,7.5,7.364328877347449,-51.366460663429805,-50.75240469381862
2,450,9.614989059532284,9.782949242106357,-141.15338269223565,-147.54547314774877
2,451,30.25,34.89674806097883,-53.068582821862435,-54.51253760227894
2,452,18.37241137351048,22.75541289942361,-172.10480595410255,-167.82081894747586
2,453,68.25,78.41980901908984,-93.37912601136834,-79.9530472712692
2,454,11.5,12.051842150377224,-9.601294645004458,-2.1832393001824784
2,455,7.75,8.230314663940035,17.746162262555217,22.241895543351035
2,456,26.274795858850432,30.885780619443178,-129.56545719182736,-120.42324634494287
2,457,43.96438198779088,52.104154836420044,-173.2298095473584,-172.93829387893734
2,458,33.59504038419251,39.793765402527654,100.13467264941987,112.67007300837112
2,459,36.0,41.53625435714985,70.19573393471325,91.2319774026397
2,460,1.5,0.8122698001176638,113.96375653207352,120.96375653207352
2,461,8.5,8.637308425942981,-57.735704588928385,-62.37795104613713
2,462,16.362331925149057,18.908977211338794,-133.95281514075185,-129.5794047162376
2,463,63.4090290768195,73.03841547002679,-95.27954803782555,-84.7508124792657
2,464,31.5,36.88602082489524,40.3664606634298,52.940381923330655
2,465,71.35170315089621,81.68471757414125,141.5634819120381,177.81202277048794
2,466,68.5,78.1283066317078,-171.38594403038883,-163.9509952074668
2,467,41.952672204787355,48.74313195603475,-141.8927296112262,-131.72354977018358
2,468,70.07274755168501,78.65659266415827,-89.46423138220092,-62.24604489548987
2,469,8.25,8.461843916874807,39.70938995736148,46.07585062079128
2,470,12.19483149656316,13.775396554388905,179.7427765275974,-158.53711407528021
2,471,14.0,14.617288668638823,-10.198590513648185,-9.628156128486694
2,472,12.25,13.170136759835618,-97.72435568542238,-97.52992677768756
2,473,64.75,74.8218780944709,44.8749836510982,65.427795227816
2,474,2.0,1.403257276321772,21.38954033403479,24.51964268819077
2,475,93.25,107.43373359608019,125.65980825409008,168.46537934635526
2,477,22.0,24.89530256831555,66.03025927188969,80.26661758116352
2,478,38.0,43.61563166441843,151.76364169072616,179.79390096261585
2,479,3.0,2.8064150745724246,90.96974072811031,99.93948145622062
2,480,20.5,22.032242311842367,-3.9697407281103043,-4.969740728110304
2,481,51.25,58.81312821199698,-138.0,-133.45184230102205
2,482,40.38571619294359,46.8402070154397,-117.18707373686766,-121.92728371034627
2,485,1.25,0.5446787037704158,31.07248693585295,34.78232374360988
2,486,5.5,5.068402110512858,-98.61965527615513,-105.81408418388995
2,487,13.5,15.552162461831614,-152.80557109226518,-148.98457911807589
2,488,46.5,53.1804805190904,-128.82099197418927,-119.18745263761909
2,489,52.0,59.758719704823214,-148.6335393365702,-138.21548399174821
2,490,61.23958130128246,70.13077956989345,-161.62160652149012,-148.97410056440546
2,491,52.362091659083106,59.150309087336105,-111.37615729735758,-99.82308079178488
2,492,62.758792834143996,71.61744314632587,166.3956143212514,-164.87599269168942
2,493,15.0,16.62125562135771,10.255118703057775,15.255118703057775
2,494,0.75,0.3683170843573327,-91.63657704161673,-90.00000000000001
2,495,19.0,22.907062517330736,45.0,56.309932474020215
2,497,13.75,15.921279761102712,-122.3859440303888,-130.67610722263186
2,498,1.25,1.376311664780239,-130.19442890773482,-133.35165549510387
2,499,17.0,19.13127384874308,-117.84277341263095,-116.82587993453092
2,500,16.75,18.948493075074452,81.37062226934319,88.75075732130279
2,501,78.99765537074437,93.87197858985503,164.62332371989166,-153.14374025290073
2,502,51.983136994821955,60.820420745972854,-99.33982721804138,-84.93638314696993
2,503,30.878021644340546,35.75824798936223,-101.01430883079189,-99.46232220802561
2,504,63.24330850974164,71.27479759172732,-30.27169396845929,-9.090276920822319
2,505,4.25,3.1257995264216145,14.309932474020215,20.400209394842534
2,508,18.25,20.357356703021388,117.57633437499734,138.57633437499734
2,509,26.0,28.59972796076427,98.0,113.19859051364818
2,510,18.0,19.584019003356705,18.801409486351815,29.931511840507795
2,511,37.27580237576816,43.337456337112435,-162.12199241486138,-153.47812573977757
2,512,33.75,38.92931827462733,-168.96375653207355,-165.96375653207355
2,513,9.75,10.972784243855953,-128.0,-128.29016319224309
2,514,30.5,36.03509996470376,124.29016319224309,137.7524854002687
2,515,9.5,10.443206771613543,-80.46232220802561,-73.90235703620182
2,516,13.876620274075702,16.49852652775003,117.74178914378169,133.06941255883302
2,517,18.75,21.094479688893358,20.249023657212366,29.374040006114164
2,518,20.75,24.525211097484902,-142.7636416907262,-138.21548399174824
2,519,55.20370700030565,65.26691869624035,-146.9683615802444,-139.12612996361588
2,520,1.25,1.0683660861876716,100.48955292199912,110.13967714192927
2,521,29.5,34.45534916549901,-59.945395900922904,-56.30993247402023
2,522,12.5,13.982403177732998,60.10090754621223,71.86038763102499
2,524,50.5,56.71751469850801,-140.25511870305778,-132.90109406679645
2,525,1.5,0.7109011894418407,21.64597536373868,25.260031333349865
2,526,14.5,16.83465481778774,113.38594403038883,133.80960965539145
2,527,40.5,45.42317982526056,30.0,42.709389957361466
2,528,26.0,29.019018686372437,56.290610042638534,72.30750352073855
2,529,53.37365022642721,60.853698675841954,-163.2380052788109,-146.52116019730423
2,530,24.75,29.660269377331474,132.5042667192042,146.52116019730423
2,533,21.0,23.9464077695561,-157.53665493812838,-156.92259896851718
2,534,38.75,43.57473874840341,-128.6140559696112,-125.90421916185427
2,535,27.0,31.157435028875074,119.29016319224307,135.41517954114488
2,536,24.75,30.467905944251946,-91.1250163489018,-88.37885408634656
2,537,74.89049347287126,87.59673267692597,-179.73667053583642,-164.30220748213867
2,538,47.0,53.68159917895196,179.43494882292202,-155.22485943116806
2,539,64.25956306091594,73.61703258819303,-119.31555373874444,-108.13808215559732
2,540,5.5,5.85684248423671,-179.99202019855866,173.8187735444144
2,541,9.25,8.681528021452932,-27.81079374297306,-31.41335594547286
2,542,42.0,48.6250081626331,7.602562202499826,21.7815702283105
2,543,63.397924832599976,72.624682796714,118.41017872419334,153.38958400301678
2,544,49.608559265194216,55.82874674409735,-145.71419271565625,-130.93505269225727
2,545,2.25,1.3383670737276396,59.36646066342979,67.54546868924051
2,546,24.75,28.700993862913847,102.73979529168804,122.31612966668538
2,547,13.25,13.573104228461235,-108.57633437499734,-114.13237959458081
2,548,20.0,21.640838993222896,-105.44395478041653,-104.57814783733218
2,549,12.5,13.616337593518226,55.73522627210761,64.23949299131179
2,550,68.25,80.57927209753774,-145.50426671920417,-127.5132726766987
2,551,43.298285443486925,52.631233623358554,165.57684872814502,-163.68830009381932
2,552,52.75,64.43877201134958,140.38435181583588,172.8531525302217
2,553,95.89788827422278,113.09003198988052,152.74898504159535,-163.03385189146383
2,554,70.39765217230058,80.04110258422578,-160.24583061209012,-144.6887865603668
2,555,50.14851530033362,58.89765529627609,153.51946117774196,178.68524570861732
2,556,53.75,64.28633103436323,-148.43140797117252,-139.41862046698918
2,557,66.39811046665847,79.44754351127455,164.8154613355077,-161.9321457762574
2,558,32.5,36.92667436031374,157.46334506187162,-178.98060971854494
2,559,32.25,37.16962123130721,91.44395478041653,107.01254680924403
2,560,3.0,2.00533111451262,-16.568592028827492,-19.133643205905482
2,561,3.25,2.446796482241931,-125.53665493812838,-130.30890962017423
2,562,53.75,60.167672031329055,-42.227745317954145,-31.070518730585093
2,563,65.05028241108093,75.43890975658344,-133.25298754043587,-121.16514684334128
2,564,13.75,14.84733739210737,-16.19442890773481,-13.810077091898926
2,565,72.23020546715205,85.27328876937706,129.4040775408225,159.87585289247605
2,566,28.007894935239626,34.310118121873074,148.91269374345856,178.97862753142292
2,567,32.75,36.85092616178803,-35.62087398863166,-29.241747977263312
2,568,21.25,22.07839064237208,-51.37912601136834,-54.524667971789995
2,569,33.0,36.809962394581994,-18.854458039578347,-11.392135831552736
2,570,42.75,48.583600012771,-150.46232220802563,-148.03865658302294
2,571,24.75,28.410731729199036,35.527540151656154,52.913484182044954
2,572,45.25,51.94087010789065,-151.3859440303888,-144.09578083814574
2,573,1.75,0.9938345495412442,-137.38435181583588,-144.03447603576603
2,574,10.5,12.758050832650692,170.2551187030578,-178.78112476486868
2,575,28.0,32.98148053029966,-158.73522627210758,-157.43037980334157
2,576,2.75,2.341967875270327,126.7352262721076,136.7714697400341
2,577,27.25,30.954544966348642,44.275644314577626,53.64626658392081
2,578,33.5,39.010536291507435,79.62937773065681,105.0137295464927
2,579,46.0,52.50346552650455,97.61564818416412,119.17169340374758
2,580,12.75,13.588426125034967,78.44395478041653,90.0
2,582,18.0,20.152766189261413,-167.98310652189997,-171.1723127789269
2,583,6.75,6.026052703064579,-15.810793742973061,-18.94498679988871
2,584,38.75,45.25192409721611,-118.26477372789239,-113.57470620191259
2,585,45.24593119085384,53.2202881703933,-149.23346196357605,-143.22672246410818
2,586,9.75,10.34750261282506,-161.56505117707798,-172.1847064532331
2,587,30.25,34.268184449261334,-171.38435181583588,-166.1899229081011
2,588,10.5,11.05000077328176,1.8055710922651897,6.781703536468541
2,589,71.51269072202187,82.131211465535,147.7420855775228,175.7205364697548
2,590,21.5,25.032027081512016,92.86989764584405,109.2197734259139
2,591,16.0,18.940909910653474,-172.34987578006985,-174.1181647120905
2,592,14.75,18.143233888536983,134.76828893202065,148.40486597363736
2,593,75.28907062459973,88.43782252411248,49.82547635940989,78.02386755579664
2,594,3.5056913551220146,3.585414328177449,92.90458754403443,105.34259310763316
2,595,10.191750015918677,11.296507465026641,10.717252366392906,16.699244233993618
2,596,32.0,36.58654222665019,-32.53665493812839,-28.15230312229251
2,597,93.5616116844895,108.79536365107954,80.83934254670098,112.64912734565604
2,599,38.25,44.77033226501819,-61.86580694308435,-59.50127036998697
2,600,1.25,0.2413386549515556,10.635463426902646,15.348586449693698
2,601,32.25,37.968142999471226,-151.46232220802563,-137.33730585912383
2,602,11.0,12.571262442547082,148.8749836510982,158.25410966246656
2,603,79.25,92.28540362734489,98.26477372789236,132.00965502483461
2,604,9.25,10.455267117324851,111.03624346792648,121.39026810418781
2,605,77.0,88.46602459822283,31.64597536373868,56.25643502970389
2,606,7.75,8.148782792136563,-86.61045966596521,-83.61843946740655
2,607,66.09118294126887,77.36406773080793,-120.90510571202935,-109.45683875168884
2,608,20.5,23.604320773582376,-149.62087398863167,-144.0933338369755
2,609,38.75,45.189309695448735,120.47245984834382,140.78239232236405
2,612,31.42873432880467,35.35342817762093,-157.91528523699887,-149.75146243376153
2,613,50.75,62.0039037903281,34.0,52.69605172201659
2,616,22.5,26.34546768092843,157.56859202882748,179.41136544145843
2,617,10.75,11.500273794765015,-19.842773412630947,-18.152705886651162
2,618,43.85039557209763,52.18423221658044,-147.12855206690426,-141.04092165733258
2,619,27.75,30.962874362279017,44.53665493812839,57.10524696695589
2,620,57.22178991102939,64.32710313636754,121.80490618586063,144.16711256010092
2,621,16.0,18.535692690909446,3.633539336570209,11.054312464081193
2,622,61.834833214345224,71.1440785422338,155.07736183245086,-166.34828619165802
2,623,30.53918511732627,35.56618869704491,131.19576610911204,140.67399177572676
2,624,70.0,81.00539143339971,116.97613244420336,156.43845465222898
2,625,13.0,13.653420699985018,64.53767779197439,73.10626982080188
2,626,57.231187608613595,64.30907732392005,119.46229579896473,149.55642432007434
2,627,34.75,42.153388389667164,-46.12501634890182,-39.130399556985324
2,628,105.41862684374111,121.2249416444866,163.86152633822536,-150.2314378697242
2,629,43.57265759764786,49.314277415868624,-157.1886966379125,-148.51941411412938
2,630,51.75,58.62506954140914,-117.34987578006988,-110.64003897231295
2,631,48.11834658529893,56.263000016117395,41.21549780534859,58.84620841182654
2,632,60.78602043198347,70.58790450871027,114.5296360884478,149.57814783733215
2,633,9.75,10.068695202375686,-109.13419305691562,-111.09794958898914
2,634,46.25,52.119731859540614,-103.03624346792648,-100.66978280449668
2,635,62.5,72.85341668459913,158.29016319224309,-170.32029647372212
2,636,66.0,74.90960724740223,88.61045966596521,116.2245156355764
2,637,75.39715238239826,86.00047377384898,108.70302291026313,134.01948336695898
2,638,0.0,0.8992121874459065,-59.63353933657018,-53.40182826859082
2,639,23.0,27.516842323743226,175.26020470831196,-166.22934821368722
2,640,4.5,4.264293331507888,-166.51044707800082,-175.02089415600167
2,641,8.5,8.54013053305951,-96.38594403038883,-97.149585721115
2,642,4.5,4.1640085038512815,-8.874983651098201,-7.495857639729858
2,643,15.25,16.138985286684118,-75.07248693585296,-75.56203985785211
2,644,3.0,2.399630056058583,72.96974072811031,82.7049670002179
2,645,7.75,7.355753831471129,-91.7352262721076,-92.99034497516539
2,646,3.25,2.6167859574357415,-94.7448812969422,-98.97262661489634
2,647,20.75,22.82534228320222,-137.77225468204585,-135.78914816014588
2,648,49.183722339164675,56.31108427675534,138.0605942500427,162.40283750848883
2,649,14.5,16.061110501014856,7.614055969611201,16.049004792533196
2,650,80.47074659351009,91.58686874865785,118.75710705397918,156.80140948635182
2,651,94.42289361598795,108.92101165678496,120.70017576560493,160.1400769045626
2,652,50.68638432005734,59.103049374900955,-135.5912101858761,-118.50653756799238
2,653,5.89825831656563,5.690520100583172,-126.03717769012464,-135.72157116341558
2,654,27.70979656510884,33.35702203178542,3.734034438533655,14.835547671194675
2,655,71.75,80.24062116204723,2.1341930569156347,28.424356249158706
2,656,25.898606462396536,28.414587666714105,-146.14832164924792,-142.32974771675876
2,657,36.25,42.0218285944832,13.945395900922875,29.981639368849358
2,658,6.0,5.153882887269971,-37.76828893202065,-44.04393324659827
2,659,31.5,36.16009048829703,-178.03624346792648,177.93988897627688
2,660,58.49827589088128,68.08368097675628,115.67991754675612,141.91953326270573
2,661,29.25,33.61211174489156,-41.650124219930134,-36.085073042852144
2,662,9.5,9.244729706456813,29.92751306414705,38.29813533349024
2,663,38.5,45.40325536436984,74.62937773065681,95.19442890773485
2,664,59.08026740664806,69.50646135756473,108.77080883091338,141.1701750950296
2,665,32.25,36.44425168817455,-172.7352262721076,-172.4988679628338
2,666,42.25,47.69240525982655,137.7636416907262,162.5146180335138
2,667,22.5,25.182196216639287,-89.01689347810002,-84.63776746673167
2,668,1.0,0.1922636959312637,-14.735226272107596,-18.698982804181114
2,669,10.5,10.801574351330618,-96.35402463626133,-109.20163490225593
2,670,53.5,62.05922128464886,8.0,31.504266719204196
2,671,60.52524468104872,69.88809498033717,-128.70238367232236,-119.86768967758748
2,672,0.5,0.14768434894382598,23.363422958383282,18.91946817796675
2,673,24.0,27.18153923222607,-52.82099197418928,-48.57196831697692
2,674,70.48218964805994,81.34544408476648,-141.5020574026835,-126.86989764584402
2,675,1.5,0.8422037409526724,149.92751306414704,159.05252941304886
2,676,35.75,41.23639645094889,-121.61564818416412,-118.05568301234031
2,677,21.465526630219276,23.915574143674476,-136.38768695676583,-133.2100893917539
2,678,80.51230114655824,92.40613377793561,-96.75562066345888,-79.47489212897167
2,679,8.0,7.593441735268674,-7.874983651098205,-9.135188359410165
2,680,16.0,17.85249733767393,-7.820991974189283,-4.319557650141377
2,681,97.95769689526364,112.6488398963613,174.27481814570135,-146.86108879863616
2,682,86.56028411912651,100.19477026496304,-174.9483712031738,-162.27676338311366
2,683,19.5,22.281340339088654,-85.57922687248902,-78.94568753591881
2,684,37.01780007476261,44.124745362443676,156.52524164169157,173.35848086198845
2,685,12.75,14.509483743335228,-93.99202019855863,-95.51613119531294
2,686,82.28856040319256,95.1571683962887,-158.7689844014171,-136.4034020673928
2,687,86.4227953660485,102.1026670869412,154.02440149353703,-175.08538163759223
2,689,42.75,48.53699165899205,109.1623470457217,131.8975733178293
2,691,22.75,26.041885545264577,-172.48955292199915,-173.02723071397352
2,692,18.5,22.093486199814983,-75.46232220802563,-72.89727103094765
2,693,44.25,50.405970002615376,-105.64597536373869,-103.02510137510703
2,694,0.0,0.012300911261463461,6.379126011368344,0.0
2,695,42.0,49.73731243622491,57.07248693585296,77.64640819575382
2,696,58.536164514532786,68.95592155699057,164.6845071802349,-161.37533074625267
2,697,20.621666617567744,23.55153691905664,-129.88731058295465,-130.8487147335783
2,698,51.0,59.843968221020226,-81.565051177078,-73.85566121971652
2,700,46.5,52.602045935049865,-161.65012421993012,-159.35996102768706
2,701,64.30314242669982,73.83529188624384,121.18803411514047,148.8348531566587
2,702,59.550746551534544,67.36333295219085,-171.26976084874659,-157.33079683600954
2,705,71.0,80.50128211754941,-108.434948822922,-97.81529354676687
2,706,80.97844524726727,93.35609508595448,128.12086745639584,166.3872905141799
2,707,54.605082886728184,63.84958919892311,-163.86478154729286,-154.73404522772645
2,708,27.5,34.09045595677843,43.37062226934319,56.90830006131756
2,709,79.4517419821095,93.08943192605572,158.35114814952448,-161.92202960781026
2,710,32.03182907906872,35.530191511035426,-175.62123563768316,-173.68423100602655
2,711,58.5,68.36946856336144,65.81079374297303,92.24574256589506
2,712,7.431278693675547,9.417959890667914,2.9535786643809416,9.808139951660877
2,713,55.04409271576398,66.39593635375184,-164.6796460548436,-153.0761072965733
2,714,66.15042052636929,74.95383693336922,-102.33101913705775,-87.25920940581743
2,715,68.1870339358934,78.76719775825516,134.73513399153106,163.29141964428467
2,716,22.911695667011973,26.315423292719775,-146.26308222776868,-145.51125122363038
2,717,90.0,103.70449176630042,-107.64597536373867,-91.0809241866607
2,718,73.06268147982682,85.0723023266207,-163.10363344386005,-145.30484646876602
2,719,41.81815284155361,49.816614805850804,-142.80505695760283,-139.64292235799545
2,720,20.25,21.200575129241653,-21.264773727892404,-19.3897900767942
2,721,49.25,55.80683141368825,-141.13419305691562,-125.13419305691563
2,722,85.75,101.97475194493121,-134.0,-119.93151184050777
2,723,87.67748227401488,103.45533338367012,172.19996432945814,-148.33278357056383
2,724,6.75,1.7554597889993764,25.633539336570202,31.767732393485836
2,726,42.75,49.942988200643995,51.69515353123397,68.38522105721376
2,727,43.604318636994556,51.05604423471879,119.80131078589164,137.6942842898561
2,728,11.5,7.964972786437118,30.615648184164115,43.310801715398085
2,729,41.0,51.73811361460941,8.30484646876603,24.341089936692498
2,730,5.25,0.35122085024629945,-13.036243467926468,-14.036243467926468
2,731,18.25,0.6994516437975301,-55.0,-55.00797980144134
2,732,52.0,42.20243142813044,133.00797980144134,160.2630985044991
2,733,1.0,0.3938225761500462,-122.25511870305778,-119.29136217098426
2,734,41.25,46.99075593611284,-142.07248693585296,-144.63753811293094
2,735,36.5,42.58789897234862,8.565051177077976,23.385221057213727
2,736,23.25,7.714522145607346,-144.10090754621226,-145.35602624927003
2,737,48.25,21.303132054856622,-80.13419305691563,-77.53163085441582
2,738,6.75,32.75229811816716,105.39743779750019,121.77778252134506
2,739,7.25,7.37380477482044,138.61965527615513,148.22221747865493
2,740,15.75,14.94343125515869,-124.6025622024998,-118.06590726437139
2,741,57.25,66.26250587044669,105.19859051364818,135.81845546168861
2,742,64.52891788933846,75.33040611595221,120.24479873640786,149.94872708078705
2,743,15.75,18.09517861727609,82.1250163489018,94.63546342690265
2,744,28.41651265870147,32.95436760612798,164.7105327107929,-165.74215814598023
2,745,38.82691896324201,43.969437384838365,-95.41854754311176,-82.58928090620994
2,746,108.1167071842557,70.74632310182547,-96.04018491188793,-86.9299843685983
2,748,37.0,10.500356775247717,162.38034472384487,-179.3097228021349
2,749,0.75,0.81044731133793,-73.53665493812841,-76.80142866602081
2,750,49.75,0.11026913946548175,-23.23171106797936,-28.03728216024455
2,751,63.32684583359283,65.93247070655363,151.94130448644887,-176.6335393365702
2,752,6.5,9.445982166207774,-25.801409486351815,-25.167870149781606
2,753,9.25,15.099136968998115,-21.63353933657021,-27.597295868643727
2,754,62.84371697908171,72.76743481265804,148.25278802018835,175.42607874009914
2,755,75.72833530518965,89.46528466903261,129.5376968616795,161.79151552941917
2,757,11.25,0.33033386844898766,-24.8749836510982,-30.749967302196406
2,758,27.5,20.501493696213434,133.8749836510982,160.15062796567582
2,759,28.0,0.21376654373816414,32.03624346792648,36.202589290008945
2,760,4.5,0.7479545300619878,160.25511870305778,170.81116392264124
2,761,1.5,4.052507143436363,-120.55604521958347,-119.71839226530517
2,762,4.0,0.8916522008310225,86.61965527615513,98.77204501016053
2,763,36.75,42.776185265439366,-78.1523897340054,-69.7174409110834
2,764,6.25,0.5299160257018869,-106.43494882292202,-110.17065341185037
2,765,15.25,13.063581110594841,37.73570458892837,44.34976055853957
2,766,65.2906182861024,69.2964215922078,-144.9009965239487,-125.90421916185427
2,767,13.75,0.24147872286468758,-61.899092453787766,-62.16386618168017
2,768,26.5,39.236606962117634,48.264773727892404,67.27275352933374
2,769,98.07537897917369,76.80368201896997,158.22026489198183,-160.2630985044991
2,770,38.5,49.62038306373389,8.25511870305779,24.34539562388011
2,771,107.10308279998382,96.18971702045225,160.62697128234905,-147.10306442500564
2,772,72.71816355005869,85.81057848766568,156.2537873606194,-171.79278358808185
2,773,11.75,0.059313843370693155,93.29016319224307,99.47936944927002
2,774,17.5,21.111801076775553,-152.80140948635182,-152.03776779562565
2,775,3.0,1.0003008814019099,35.42607874009914,35.52698628631138
2,776,85.24180055138774,96.95522816526702,137.09840017688302,178.55890070787788
2,777,7.0,0.44689506213247426,123.34019174590989,134.2151753970081
2,778,3.0,6.953025578422974,-120.8749836510982,-119.74488129694222
2,779,0.0,2.5330060453776353,36.86989764584405,27.779620725021687
2,780,35.59352902873607,41.53720843172332,149.23442761868483,-175.42607874009914
2,781,28.5,10.123461007732542,-29.0,-34.38034472384487
2,782,1.75,20.612750246584298,141.38034472384487,154.44892754570733
2,783,62.96559111184413,0.9854135783018372,89.49721761085857,97.33677380954612
2,784,45.5,53.445995497294284,142.56505117707798,163.30075576600638
2,785,4.25,0.3276092058698482,-88.7357045889284,-90.0
2,786,8.75,4.125924316397506,-1.7357045889283853,-3.4714091778567777
2,787,40.33735008436712,8.500110204506313,136.70991307354188,144.50087060735373
2,788,65.64421953815126,113.39438963386405,21.46227016853203,57.611269195411055
2,789,97.32989052646647,115.9284147141305,118.47902560139067,165.45933130062366
2,790,42.25,48.297151494680186,124.29016319224307,145.9402874121732
2,791,66.0,76.0305978358083,140.34987578006985,174.1181647120905
2,792,41.431832222182976,47.412202120044526,-133.21880253447216,-120.94729695783133
2,793,11.0,0.3625285997622893,18.179008025810703,23.94264971653689
2,794,14.0,4.047192140166337,-176.7636416907262,180.0
2,795,7.0,1.6179791053940389,-81.76364169072617,-90.0
2,796,15.0,5.436452543748432,-101.76364169072616,-97.25319461272534
2,797,33.5,23.517190955403468,154.48955292199915,177.72591123127296
2,798,0.5,0.8818992433260268,-86.23635830927383,-89.81027956917468
2,799,13.25,0.7112274717877441,102.39870535499554,109.0195793436272
2,800,23.75,14.159635010307037,-162.62087398863164,-160.24052926478677
2,801,43.44644026226599,52.091099840835994,-128.3913322648482,-121.5153234113697
2,802,41.25,48.87914471709128,156.13419305691562,-178.55587446906418
2,803,6.606240169599865,0.26246779837170564,85.01443897046207,88.55587446906415
2,804,45.68544588416116,56.39804761654423,56.46402761983977,77.64464013491649
2,805,12.5,13.394087749186884,-147.0,-149.03624346792648
2,806,42.0,48.6309743297661,143.03624346792648,163.65711745655813
2,807,27.25,0.41333152804222095,32.50426671920418,29.76856213027581
2,808,33.972687429458944,42.23392644215131,129.65917562204106,149.9816325723909
2,809,29.5,35.45433287137034,134.55604521958347,157.75864338134926
2,810,111.59399503791586,112.84676300921551,-171.74717872075325,-145.81824634592994
2,811,40.42999414376874,47.2237048371185,155.5460064859773,176.03208186201311
2,812,22.0,26.283220348234007,118.1623470457217,137.0373306968199
2,813,87.44630276634727,0.8650850292576502,-146.97655894562075,-155.22485943116806
2,814,20.09016087965126,0.6234728271558293,-47.78303757211677,-49.57392125990086
2,815,63.464276531603424,74.71561634889694,-102.56992429114676,-85.42607874009914
2,816,26.299693309103674,30.27560006587922,-111.20962064415849,-110.85445803957835
2,817,41.75,47.94634497177395,-91.14554196042167,-89.7015871800051
2,818,23.25,28.126172289985025,-102.44395478041653,-98.05441444638174
2,819,86.79543545766063,96.14879856897544,-150.52508323451474,-136.50743575877496
2,820,30.25,35.76072579593712,-130.03624346792645,-123.21525149373718
2,821,76.72118538938548,92.01831201680127,-88.88768353682283,-73.0235901359551
2,822,47.44791993171411,57.406733416828246,-150.7020845558319,-139.922418187136
2,823,12.5,0.652066105912955,16.125016348901802,21.16125981682828
2,824,18.5,21.074300613189262,98.56505117707799,107.10272896905238
2,825,64.54651120587133,74.65349007561284,118.32167439142052,149.36141466181334
2,826,5.75,0.44540894396780867,16.100907546212255,17.85188388899988
2,827,49.0,41.157157267212455,174.24902365721238,-152.98733465206146
2,828,23.0,16.508753297968646,173.23635830927384,-162.5146180335138
2,829,57.0,47.231444309617444,18.750976342787638,33.37063161894277
2,830,61.04753260524436,68.91984058310719,122.13422308483146,146.42710159394514
2,831,22.25,26.27489720546088,-37.46334506187162,-32.306118474502554
2,832,39.846261679128105,47.25019848849528,-162.30155714095736,-160.3529605220823
2,833,18.25,20.900741455941386,112.7352262721076,130.8653286262636
2,834,100.71073923457563,106.75217344417615,-172.6640337053434,-151.87626461671118
2,835,17.239632358426338,13.509127387360335,140.63295170702645,156.47051794797758
2,836,53.54208164233455,0.2236549011326826,49.26949563866957,58.37004349774334
2,837,54.394106396286176,64.44944857034469,173.91984391429196,-157.24902365721238
2,838,19.75,22.854849043629518,62.44395478041653,76.56897112931834
2,839,55.5,63.81366648439287,82.8749836510982,109.44003482817621
2,840,46.5,12.720300237690159,-102.565051177078,-107.4027041313563
2,841,26.75,40.989864710710684,0.8376529542782905,10.277687782454485
2,842,27.265454349779176,39.88938859046117,-99.62847104379227,-87.63862534182438
2,843,72.23991185787301,84.35845582694084,-148.36754603233297,-134.25241066683554
2,844,112.77602642355622,89.46360851343938,98.76976516249792,135.6469762844696
2,849,82.67208932812886,0.0,-175.75331971628822,0.0
2,850,99.29815911799625,19.250528229489756,-153.02541311795562,146.5237217038973
2,851,1.0,0.2649143904916574,-41.27564431457762,-42.580490783343635
2,852,15.0,11.605434685787051,13.620873988631644,22.05228195980419
2,853,53.5,57.678491312301645,125.56859202882748,153.38958400301675
2,854,15.477995489194898,0.29491566015046666,-76.39251042825538,-78.25239994536179
2,855,93.94708035481753,17.203850150216347,-43.10080245049751,-45.163235397418944
2,856,27.161377314810867,0.0,33.26317123874448,0.0
2,857,57.50240990570063,0.0,-36.27934594458398,0.0
2,858,52.09742590124599,0.0,5.368951355052957,0.0
2,859,82.64703571514536,0.0,-81.36541914117134,0.0
2,860,29.546712634098512,0.0,40.39989524654861,0.0
2,861,33.42936256047021,0.0,-123.99036475877833,0.0
2,862,56.392415970560236,0.0,-90.97129080128451,0.0
2,863,31.860395566803454,0.0,-52.63620086983991,0.0
2,864,67.25963771831266,0.0,-72.18877383817596,0.0
2,866,76.75,91.0019132038399,-163.70983680775691,-150.80011372857925
2,868,40.0,45.99920459441641,-87.43494882292201,-79.07719528013075
2,869,10.5,11.4418452736027,-22.357753542791258,-23.017561796881367
2,870,61.144116283602656,70.3366429011364,-174.11714303657226,-173.6158360604875
2,871,3.25,2.4853473983900654,-19.724355685422374,-17.918784593157184
2,872,63.457567394604126,72.77660890836887,110.0295875711912,137.72631099390628
2,873,42.23480348798549,50.16480883301167,123.8760414513024,148.01435353915963
2,874,6.0,7.0682121952115935,169.38435181583588,-172.42644192713718
2,875,8.25,9.262739766959134,-159.93141717813756,-165.18653588119534
2,878,25.25,31.45970020290034,-132.38594403038883,-135.83778633141083
2,879,79.69939346905595,94.05904021127303,135.89868102747118,171.74200549326508
2,880,47.5,55.06351201461874,-137.38435181583588,-124.18175365407009
2,881,34.292660521001594,40.96138073660264,152.08928120751236,170.13419305691562
2,882,4.5,4.476309547274892,101.86580694308437,112.13058067097677
2,883,33.75,37.85163560365476,-118.80426606528675,-110.23567403645926
2,884,48.333983963912345,56.58952015933043,-148.2975670989553,-135.26464375084407
2,885,36.40659174102219,42.78674761937338,-156.73011314285776,-159.6235647861636
2,886,21.0,22.864591150822296,-103.03624346792648,-100.66978280449669
2,887,7.0,7.175067349602084,66.63353933657021,76.01388406041508
2,889,32.25,37.098798422615424,-136.80426606528675,-131.41472573125196
2,890,10.5,11.474218030579163,68.61045966596521,73.61045966596521
2,891,59.25,67.54082098338935,88.0,118.07248693585295
2,892,63.5,73.18137427006326,133.92751306414704,169.37470148742926
2,893,9.5,9.792615226475387,-97.44718842328223,-98.83154023911811
2,894,8.2368449785331,8.326545857228465,132.5776320634514,138.15264074785654
2,895,35.230192142252484,41.90336134913965,85.06633589940945,105.31506046217724
2,896,29.5,33.021036301936725,-67.64597536373867,-69.27951470030888
2,897,52.352736119988485,59.56587707051584,173.83646901370247,-154.81530289636646
2,898,52.75,60.04456989613602,-171.07248693585296,-168.04222766396327
2,899,91.17184300037266,105.00229557952203,107.62648637880389,139.9697407281103
2,900,76.59847474745446,88.33177687910563,-175.42437504270475,-158.79718135619035
2,901,63.090295613672744,70.66141394111003,-163.44109349921467,-152.98733465206143
2,902,65.5,74.11768470804606,160.2363583092738,-164.78053516882622
2,903,58.667150559424506,67.00880015598,170.47580092614245,-166.95923896610333
2,904,8.25,8.668647479938027,69.97613244420336,81.42008722461989
2,905,17.5,19.06709530019818,-17.249023657212362,-17.485381966486187
2,906,5.5,5.480946385227992,-35.763641690726175,-36.52312177553898
2,907,72.75,85.21569118837094,-138.42077312751098,-126.80090817947055
2,908,55.0,64.82701952342646,-176.61986494804043,-164.74488129694222
2,909,19.75,22.976563733783838,-151.8749836510982,-152.31893843151474
2,910,36.75,42.69271239981579,98.44395478041656,119.01787604031739
2,911,3.25,2.5136859386948234,-2.5739212599008567,-2.3713230981350506
2,912,6.5,6.927486388064379,11.70938995736148,19.080012226704667
