2,1,26.25,29.943610327246187,113.19859051364818,122.66091272167381
2,2,11.75,12.834284705794907,-5.4623222080256255,-2.619548795394678
2,3,81.38273274126703,89.89150283730794,149.68099684838432,135.28224293627085
2,4,86.65246911952066,97.8212906398826,168.2880107951916,-173.8844964337146
2,5,70.60925027750947,81.0788307618827,-79.46581321917716,-80.75388725443676
2,7,1.5,0.8219247651193106,54.96375653207352,60.70863782901574
2,8,9.5,10.143020744522412,-30.744881296942225,-32.13082532733104
2,9,74.75,85.45017115086016,-165.23635830927384,-168.3935848966429
2,10,62.38150489213259,70.5971112114811,145.07320953535475,155.50710236743896
2,11,49.25,55.294815433140606,-178.34987578006988,178.47111619411942
2,12,20.75,23.672356365933307,-13.820991974189283,-16.358669766163658
2,13,79.77625160878107,91.11592921751514,-144.36780179196836,-149.2259638987518
2,14,11.25,12.310649475878934,-101.23635830927383,-107.48538196648619
2,15,19.75,22.277199090652942,-5.750976342787634,-4.316027519865624
2,16,14.0,15.064056315330445,82.46334506187162,93.21432140465924
2,17,5.0,4.891326292981587,-54.62937773065681,-56.36460400276441
2,18,3.3091075967426895,3.2477480156203553,128.25968161021507,128.710527431913
2,19,31.728268774012818,35.13782626093697,26.239078280766392,31.557858681918276
2,20,11.75,13.211597198480023,-137.13419305691565,-160.26838611383127
2,21,11.5,12.305450279466848,55.134193056915635,63.206679992768585
2,22,104.1670324105005,116.87684248731476,-148.73443483587226,-151.3041980038323
2,23,121.05148883296455,138.34540243360834,-157.8893706267661,-164.21547735530282
2,24,125.75011783072712,143.06172753743348,176.0002394307055,-169.26264838447474
2,25,109.92456638298847,122.72403686436836,-176.72631675319224,179.1533259761385
2,26,76.5,87.58239271623049,135.13010235415598,152.59242456218158
2,27,23.75,28.156835387449565,-72.1250163489018,-69.572204772184
2,28,130.2591327819531,89.54597795931869,-149.7585475631752,-137.53591809861777
2,29,34.75,39.45312118392928,154.98310652189997,163.59875470606408
2,30,64.25,66.92973762454727,-168.61564818416412,159.40821937163255
2,32,43.75,50.12125790082327,-91.3974377975002,-94.522454146402
2,33,37.02906197365201,42.45521781472476,-112.74403120997101,-115.4328709019467
2,34,52.04214912080959,57.763234845329094,-135.26725693162507,-138.26203347739676
2,35,14.25,15.40364149563928,-41.26477372789236,-44.02425381270518
2,36,11.63568430988935,12.33187896995083,-113.64842324181906,-113.28606491822359
2,37,8.5,9.1496685205212,33.97613244420335,38.54118362128134
2,38,17.25,20.400350574742657,55.26020470831196,58.247417204128624
2,39,66.73595606282247,75.54362252330147,175.89915886649337,-164.26285681039428
2,40,24.31868818215052,26.797993822096384,-85.1951906217515,-87.93988897627688
2,41,16.25,14.768836394736567,13.963756532073518,38.08877288097531
2,42,50.5,57.35435909277842,-60.431407971172504,-55.61123809103675
2,43,28.748635570382888,29.516028909851933,-168.59756215275286,156.56297649104968
2,44,8.25,8.546845765751568,-112.92751306414704,-120.42324634494287
2,45,19.02459340122824,21.986796690407207,109.06854425533515,118.96005669395034
2,46,19.5,21.304030058766195,35.34987578006988,40.07423146549225
2,47,43.25,49.64201392604051,127.96375653207352,144.4623222080256
2,48,22.25,25.574631221714238,124.50143432404792,136.51832780214795
2,49,61.264430228290564,68.72930136843576,94.44189757401135,105.01336579378969
2,50,80.0,88.63487451840359,-153.23635830927384,-152.98733465206146
2,51,105.88561341217337,117.4097822707805,162.5116206717817,175.98041751216255
2,52,19.0,18.32198810241885,-57.17900802581072,-83.71566296393911
2,53,47.52646603988867,52.818066830017536,-87.2834989777072,-93.21432140465924
2,54,45.75,52.252660835749616,164.80140948635182,168.56969841837247
2,55,93.26280175444484,104.32718087455264,169.9517339593056,-180.0
2,56,90.75600470212805,101.46976924391176,-158.25824481599835,-161.18906205953164
2,57,20.25,23.94802179698512,-131.57922687248902,-135.20010086112066
2,58,27.0,27.78593848573436,-5.195733934713248,-10.394324448361436
2,59,104.10792038403703,119.66611618986177,-111.3646405644186,-111.20281864380969
2,60,65.06841985922321,77.64626551331189,-148.5299971343984,-147.26477372789242
2,61,4.0,4.510082873968737,132.26477372789242,135.28864128368906
2,62,5.25,5.07486021445208,-81.38034472384487,-79.38034472384487
2,63,80.19753690649459,88.83406023877271,168.85802312076493,-176.6277183694549
2,64,69.53583200733057,76.55994600244897,-162.13568501540198,-161.1796593693449
2,65,58.060358356226864,64.21234138483707,-164.02864016014385,-165.42185216266785
2,66,11.25,11.415941259752284,31.865806943084365,35.32915200495598
2,67,47.43549132109309,51.641295786656315,93.14420713978146,100.92100675396429
2,68,1.5,0.9042281432912632,-154.38435181583588,-155.19514555880895
2,69,28.75,32.70727211280535,-105.03624346792648,-95.42059528376238
2,70,13.5,14.96274226064365,-95.61564818416412,-101.9821088475939
2,71,13.75,15.37405309574427,55.36646066342985,62.4027041313563
2,72,31.425603650271356,36.46225400598966,-177.84729920772088,-176.27709818641196
2,73,14.5,15.94553741283721,80.01689347810002,92.26591713531239
2,74,43.75,48.19712883245093,-159.24902365721238,-157.24902365721238
2,75,3.75,2.8377974819877654,92.57633437499734,107.61257784292383
2,76,47.75,54.06082498037306,-135.72435568542238,-133.6881122174959
2,77,115.62558717361557,129.54634521709013,-178.5178950134645,170.7273982227997
2,78,78.93779301551703,30.518006888469962,125.17292764302204,30.228378507832502
2,79,16.75,14.764041025657297,39.36646066342982,71.56505117707798
2,80,37.25,21.949287991915718,26.536654938128407,-175.71846376492937
2,81,49.0,51.439118680591946,-130.74488129694222,-112.61986494804043
2,82,4.25,3.6161011199329094,-2.4623222080256113,0.0
2,83,9.5,10.142559496136418,-79.46232220802561,-78.90627698844214
2,84,10.75,12.003413030125742,-5.434948822921996,-2.792702365713268
2,85,49.63765538088901,57.20806230234649,-103.32216449757846,-103.35163641457018
2,86,48.25112557851427,55.51400350797708,-174.07169537544866,-177.70938995736148
2,87,25.60969059623906,26.443624178758636,34.49225598525088,61.14433878028349
2,88,17.987899579040935,21.774036821564163,-164.49842060914642,-169.51926527480828
2,89,97.24396932639938,110.38646199332577,-114.04633333723385,-118.03728216024453
2,90,53.4444836435419,60.93306841712715,119.14173092674382,126.869897645844
2,91,16.25,18.34674988676244,-50.42607874009914,-48.122130462115706
2,92,70.78451528298554,80.03451333819366,149.33007138158533,174.97169603659418
2,93,26.5,29.70234295634992,-99.96375653207352,-97.46519085612144
2,94,6.25,7.329606920691885,-62.44395478041656,-67.7082501914881
2,95,20.39344652908798,23.22638783052519,-30.943849090611522,-33.26691584358777
2,96,70.79845480116713,79.45588436091595,-56.112435521913454,-58.561052400717244
2,97,97.01332798434674,108.36988153821659,-129.13619155461026,-126.59817173140917
2,98,66.89193565133787,73.43121385995283,170.50126870384878,178.09751801106376
2,99,13.0,15.41910771370203,-168.86580694308438,-169.8827004211844
2,100,24.25,26.875101338403663,-118.98310652189997,-119.84891346498432
2,101,26.5,29.793448066319193,69.26477372789236,83.08576570208169
2,102,0.25,0.1566201097561372,36.17900802581072,36.106521089957766
2,103,8.5,8.622934313161965,-77.98310652189997,-76.95923896610333
2,104,41.25,45.79508501130713,132.2405199151872,135.97574618729482
2,105,49.0,56.84159238869148,-130.19573393471325,-126.83119736161589
2,106,67.56074743847418,76.86687318705394,-126.08475914437219,-127.97859254270853
2,107,22.75,25.9311244397986,128.61405596961117,135.79388608947542
2,108,61.16365368675759,69.46161334184107,176.61017870755256,-168.50955211975295
2,110,18.0,19.797796271747846,19.810793742973054,28.810793742973054
2,111,32.5,24.156632430985162,132.0,-126.38435181583588
2,112,13.75,14.069054698183916,-19.615648184164115,-22.651891652090598
2,113,20.25,22.831223081519557,-136.27564431457762,-134.04393324659827
2,114,21.5,24.44232919403946,-95.23171106797935,-92.26795453590582
2,115,76.25,85.72225970615018,-130.96375653207355,-139.39870535499554
2,116,22.0,25.576260891798785,112.43494882292201,124.62415507994896
2,117,6.25,5.842584092248182,-60.189206257026946,-63.6787591790261
2,118,78.48200653942382,88.5554427073353,153.17246102292438,164.74488129694222
2,119,31.629713235801333,37.867027807435,135.0225983674637,142.0265982730446
2,120,8.0,8.782562120789532,-83.38435181583588,-89.51445416999186
2,121,69.99327478476003,77.73177574096408,-175.56292128635278,179.51445416999186
2,122,51.5,55.99940599255864,-162.38435181583588,-162.76870363167177
2,123,8.75,8.760015911127002,-52.00797980144132,-52.518426879442174
2,124,26.75,31.828910818402672,53.6140559696112,60.0612443928934
2,125,67.9827388568862,77.72115157717352,157.42036823901213,169.6778279256196
2,126,49.0,55.73990059775547,12.874983651098198,20.224859431168078
2,127,43.4911460164464,49.82643286404214,155.61844212380123,166.9033637112331
2,128,29.25,32.194626304675815,34.27564431457762,42.141451257661984
2,129,26.75,29.062742814147846,-37.865806943084365,-34.3097617235009
2,130,6.75,6.709790121452042,59.49856567595211,61.78872886819518
2,131,8.25,8.967718464896457,99.70983680775693,110.74608027568341
2,132,13.25,15.375700241384182,-130.03624346792648,-132.77603875961452
2,133,80.65743825353093,89.99327277847506,163.21121872674703,-177.08119668250123
2,134,73.75,83.3447613142092,-177.3706222693432,-176.92666748892665
2,135,1.75,0.7517962830618223,-95.44395478041653,-101.63968871512978
2,136,2.25,2.3063152911845406,111.19573393471325,115.48589712695632
2,137,13.25,14.444882079877754,70.61564818416412,84.57940471623763
2,138,30.0,33.961442846595745,165.03624346792648,-175.97173633351485
2,139,38.19359468559542,42.04407413052584,156.45535618459587,161.597006432835
2,140,103.89921000803976,117.57045161331526,101.52269122226026,109.65382405805332
2,141,69.015457139917,79.32191323142891,147.40845570806837,159.62356478616363
2,142,35.0,40.22844149969948,-140.26020470831196,-136.83943158080098
2,143,21.222995746890753,25.19237368929628,-178.23529447637367,-178.23156687048404
2,144,44.75,50.646431703023204,101.64597536373867,112.88233367301251
2,145,17.0,18.010483353356207,-50.236358309273825,-50.24433811071516
2,146,25.75,28.726729750316327,-2.3843518158358847,0.0
2,148,22.75,26.05078591952912,53.016893478100016,63.17412006546908
2,149,12.75,13.845457349055355,-11.157226587369067,-9.417431295681027
2,150,41.95067722788933,47.286770913906956,-146.109386431102,-144.63753811293094
2,151,37.75,40.52903306244227,-85.43494882292201,-91.50743575877497
2,152,50.75,55.653675093393105,150.07248693585296,158.10274620774265
2,153,43.327801709944936,46.20959227525646,-142.84377741440665,-149.77301324740222
2,154,51.25,56.64148823369132,-150.44395478041653,-154.24952587268172
2,155,39.092351101264086,44.282670192253484,49.3732838345124,61.17619336160838
2,161,72.29736264931188,81.15393007806922,-135.18156874960252,-136.09121622526263
2,162,109.30868351759835,127.5743165880328,-129.20731094682995,-132.5940294833547
2,164,15.75,18.102767392122633,112.03025927188969,125.13116681810192
2,165,55.0,62.18212740877155,134.89909245378777,163.09768296743596
2,166,96.85821078097726,111.17224917211895,-159.35999082298954,-158.79718135619035
2,168,37.0,42.51664971040108,21.275644314577626,29.985034271939107
2,169,43.51300532778864,50.22545104660531,-146.87337897964036,-149.03624346792648
2,170,37.0,42.72917725853579,-175.96375653207352,-177.27368900609372
2,171,59.980603101049006,68.9636410570209,112.28692751776879,130.04972776570827
2,172,23.0,25.99361078786723,15.26020470831196,20.834125968212817
2,173,11.75,12.614302988214092,3.4260787400991433,9.462322208025611
2,174,61.593492691472505,70.15201174196135,154.08857423418465,161.3538512612992
2,175,19.5,21.89215902122035,20.385944030388814,25.88450970634092
2,176,33.25,37.44704232066921,-109.49856567595211,-106.37354932705031
2,177,15.25,17.606605701270663,90.8749836510982,101.30993247402023
2,178,7.877085266850443,7.972925917715292,-85.92262327150442,-82.9716037610504
2,179,11.184001273013179,10.808726013848776,-161.51497825101566,-150.28160773469483
2,181,52.75,53.13888968581064,59.615648184164115,95.24918752073431
2,182,10.75,9.850606178933475,-66.36342295838328,-77.74376768222815
2,183,29.0,32.21550446821566,-40.6156481841641,-41.84735925214345
2,184,56.38027735101112,63.64075476287081,-111.48446892337859,-124.96687944566884
2,185,30.25,33.00897432388873,-113.80140948635182,-113.53711407528021
2,186,71.64786722992524,80.87008365999267,-130.92379110928124,-131.6335393365702
2,187,59.8122528376013,68.30967083940186,-166.0983128653579,-172.8276611101239
2,188,19.5,21.88589945795655,-159.9697407281103,-159.50639566623872
2,189,42.5,47.039413737270266,-44.463345061871564,-48.08321000991202
2,190,82.59633142197517,93.23829231391363,-116.90281749955565,-122.12108960020305
2,191,43.05586987738209,45.94910527152808,174.44832887483958,-156.6559890384225
2,192,20.75,23.01204219949049,-3.619655276155129,-2.004007091991028
2,193,46.0,49.712581429699576,88.87498365109822,103.43102887068169
2,194,77.77849489904001,87.36061539965873,118.04197022892116,128.48019824834302
2,195,50.30545218648279,57.95437781651621,119.00057065412724,145.10929849249516
2,196,43.5,48.08725411325587,138.85445803957833,150.66002913184354
2,197,91.1921594050485,102.15072410378035,-132.9068307260501,-134.01948336695904
2,198,63.464824874752054,71.66443293374485,-178.2164915977237,-177.61405596961117
2,199,8.0,8.109323953117888,-53.0,-53.615648184164115
2,200,42.48182686143354,45.724670810833324,-169.76202606488485,-167.68055474336342
2,201,41.5,46.54713105309832,-94.57633437499737,-95.21291141661408
2,202,42.39693615700174,44.95448157770004,-90.39797869028087,-106.35682481826413
2,203,3.75,3.0624996092093997,-64.56505117707799,-66.37062226934319
2,204,2.5,1.7113724933789274,31.423665625002656,38.9341127030035
2,205,10.25,10.93057861344197,-42.0302592718897,-41.76596386081809
2,206,1.5,1.2775250398087117,128.7357045889284,134.34976055853957
2,207,48.0,54.718132823974116,74.38594403038881,87.81202277048796
2,208,9.934897876688217,11.494679016750052,-112.68243003461882,-111.99112991717713
2,209,41.25,47.39390763411244,-121.43494882292201,-124.62415507994896
2,210,44.25,49.92893843295513,-14.810793742973054,-14.774550275046586
2,211,76.52727512539234,86.7968142958201,173.59995950406528,-177.7760387596145
2,212,7.0,7.5583476517771775,72.73979529168804,78.5034369824142
2,213,11.25,12.801558305548898,-43.76364169072622,-43.4234499448163
2,214,73.74703095157574,83.57123125702411,178.0157283772831,-168.1593967838882
2,215,23.972918763092803,27.162266864539053,-120.8261517654454,-122.47119229084849
2,216,10.25,10.692878416806074,73.72435568542238,79.97337934263474
2,217,28.75,31.518867911166335,156.01689347810003,172.28166720599245
2,218,31.5,35.28564562960548,117.13419305691562,130.3286219646504
2,219,20.5,23.368865610063146,93.63353933657018,106.17019427469856
2,220,17.25,18.043814722326335,64.46334506187162,77.58836141077342
2,221,13.75,13.903667297227893,-52.615648184164115,-56.10520110616327
2,222,57.87012243318639,64.66706684838626,104.85685202273012,108.74975763031111
2,223,3.25,2.5346742363814463,3.0724869358529503,7.516441716269483
2,224,63.43683423509487,70.42578873533789,142.28273569805077,162.68106156848526
2,225,41.5,45.03796782488064,-40.969740728110295,-48.33316368649356
2,226,84.98325026887976,95.52441610102242,-160.50075466030088,-169.5720252547746
2,227,24.60329961150502,28.17707939434718,104.25552177212992,127.99360828390695
2,228,4.0,3.549782616563618,-119.96974072811031,-122.61571609184898
2,229,60.0,68.21191072665569,159.56505117707798,171.0273733851036
2,230,36.7610772792321,42.46183209302367,168.31883121664288,175.7321066997092
2,231,14.75,16.639718827304854,-165.61564818416412,-171.2616235479028
2,232,22.25,25.176677889170907,94.64597536373869,105.38120163584628
2,234,38.5,42.32270881920666,-76.13419305691563,-75.37055136618946
2,235,7.0,7.030353345988755,90.0302592718897,97.29503299978211
2,236,18.75,17.55802215046008,136.37912601136836,170.34886673947867
2,237,76.25,87.46672208802492,-61.96974072811031,-63.64104786030612
2,238,73.72577848028561,83.7453615030363,-121.70757562221837,-122.47119229084849
2,241,28.509368776545376,28.29796195105757,-101.78548584994613,-140.1050904465923
2,242,18.0,19.367910870615244,-102.40535663140855,-112.15023792835075
2,243,13.0,13.906289889989855,-84.65012421993013,-87.66701769803015
2,244,54.0,60.003136802997695,-117.24902365721236,-119.37404000611416
2,245,20.75,22.542788878477296,54.125016348901795,66.16125981682828
2,246,87.03939085083174,98.35009955828544,159.78923300064025,172.30394827798344
2,247,25.89160129930331,26.84067345725615,-157.72079531192423,153.86899945506138
2,248,2.5,1.657816616257336,60.35402463626132,69.78543260743383
2,249,34.25,39.33110273852773,70.53767779197439,78.15173376158558
2,250,13.75,15.553704359495159,63.38594403038881,71.82989881080535
2,251,64.13990522697549,70.84420991755346,169.28961822488586,-177.09407900034665
2,252,68.07100518748214,76.31516344092609,-135.84446290726035,-132.46408190138223
2,255,46.648781850341656,53.86233210583158,124.1049041907992,127.69080732033862
2,256,42.23773117476906,43.78413710757275,150.5930716664234,-162.81041544384632
2,257,89.53859968054884,103.56878921990432,-75.43624530891478,-76.86597769360368
2,259,1.5,0.087002401795594,-16.865806943084365,-19.731613886168745
2,260,20.0,22.681811961121007,-171.73522627210758,-174.57799968473853
2,261,7.0,6.259066250833139,-50.15722658736907,-53.41234529042684
2,262,27.0,31.132604266486844,141.25511870305778,145.68119744315692
2,263,40.5,45.32795633503795,-171.42607874009914,-165.56027179701476
2,264,40.5,45.70801247008284,-140.86580694308438,-146.60151153201278
2,265,23.0,26.395507149493696,-168.2642954110716,-165.0237754958844
2,266,16.75,19.068729851814943,4.744881296942218,7.495857639729856
2,267,73.1500750021606,81.53142269087581,-143.7866118422261,-136.51832780214795
2,268,36.5,41.220381858688704,-54.98310652189997,-54.97512672045865
2,269,32.13208936289939,38.2135858993338,159.8775631225812,-170.47132486331293
2,270,58.75,64.60943648802599,68.56505117707799,81.57303097851933
2,271,19.72353777354407,22.465221970852795,-78.1908703566879,-77.41952794099792
2,272,1.0,0.1343723639167325,18.179008025810717,16.888397983172197
2,273,9.75,10.968409944482818,74.70938995736147,80.86661654473052
2,274,27.83562857148673,32.713476726205364,86.87811504927998,103.96778976153274
2,275,17.568249101992745,20.143692143332046,74.66364047848268,85.36453657309735
2,276,27.75,32.72012881287933,134.0,147.52880770915152
2,277,82.87376239253568,93.25815659728396,176.45212393539126,-170.48954357239958
2,278,61.85307455842956,69.62961984743191,134.89711766448391,145.84647823813702
2,279,28.25,33.42875618380256,-167.9920201985587,-179.1543672442804
2,280,28.0,31.975931612784624,117.1250163489018,122.94600832309109
2,281,62.99754215347524,71.48564139595,103.17750249789368,116.02178143844168
2,282,52.57642212000379,60.46869763536725,152.65781922361134,173.15722658736905
2,283,6.75,7.983985268718642,119.0,138.57633437499737
2,284,15.25,14.626664022680046,62.2642954110716,88.2642954110716
2,285,20.75,24.667392133159332,-124.1523897340054,-126.30961632137445
2,286,50.27067045699995,54.63446508999271,141.89778736431936,170.66767366536988
2,287,21.5,23.563404231390116,93.48955292199916,104.75432664989157
2,288,61.5,70.93956612542436,146.7352262721076,161.1532816169296
2,289,58.36952092446221,67.11097671889054,-148.21944486151577,-147.95531928126582
2,290,5.0,4.947071452660279,-176.64597536373867,175.5526151499095
2,291,29.0,32.63516601090272,117.80140948635182,131.3380644244802
2,292,59.846908681996965,69.73583608594556,-165.15106032017158,172.99215277102314
2,293,46.15782242323931,55.72989814123688,107.55183489554918,135.45835645800042
2,294,20.0,22.401718026840864,102.53767779197439,113.56154534777104
2,295,12.0,12.886964777099736,-102.02386755579664,-102.16940951621831
2,296,11.25,11.731997563456853,-101.19859051364818,-100.9338167857558
2,297,43.5,48.91701419964719,88.74488129694222,96.99390495415459
2,298,92.25,105.13717752567715,157.50143432404792,165.24759658660312
2,299,88.7010345434401,100.38899011527242,-172.98530830456525,-176.84928358673227
2,300,76.5,86.39412022203987,167.96375653207355,177.27368900609375
2,301,56.0,64.29659613222971,143.50426671920417,157.04194451117854
2,302,6.75,6.114149401841703,-53.537677791974374,-58.28865413476203
2,303,18.0,20.122589176017936,-43.24902365721232,-42.805068876795815
2,304,30.825653114888418,34.909722537128864,119.24316805291579,124.69515353123396
2,305,92.26747442929812,104.27589484147185,116.75062409519992,132.9398889762769
2,306,64.75,72.19646021244252,-174.2405199151872,-177.98540121212943
2,307,36.5,42.773312585486416,11.744881296942225,23.162936641764205
2,309,45.5,49.02999760663432,158.7357045889284,-160.8171069877894
2,310,47.937227063444375,55.106547570499835,-106.84873896298086,-109.0837654648989
2,311,61.26573832723533,68.66432434950381,-103.03794755544857,-102.39966642630978
2,312,43.5,48.34099514574934,-156.96375653207352,-164.22805194314512
2,313,76.5,85.7413167066077,136.2642954110716,152.44330343688233
2,314,49.41996799275518,55.99389539099378,159.76690142635135,168.2523999453618
2,315,31.75,35.11558624000151,75.5685920288275,89.69360837772928
2,316,0.75,0.18952119522098493,66.56859202882748,70.30381830093508
2,317,63.0,74.15335574450677,-176.23171106797935,-172.8056323278802
2,318,69.25614478840315,79.77292235272418,-129.24851364567436,-134.0024131150965
2,319,68.09159412784638,76.45386218862023,-82.64135654409893,-81.92410366516171
2,320,46.90947144807038,54.21625166836925,-133.5723593008481,-137.1459105049035
2,321,24.25,26.740808771330943,-123.48955292199916,-126.86989764584403
2,322,55.75,64.96300282600723,170.38034472384487,-179.90653225336408
2,325,49.0,54.42890637269375,127.19442890773479,141.9301334966632
2,326,47.648016870358,47.19115598634991,157.0594655386713,-150.25511870305778
2,327,13.5,14.472028092077473,-28.34987578006988,-25.502265514075276
2,328,25.5,28.235208692466728,-147.0,-147.2647737278924
2,329,11.75,13.312952659172964,-158.74488129694222,-157.3134733257697
2,330,47.75,55.5790770222445,34.56859202882748,45.264643750844044
2,331,27.534391331079448,33.223466694328195,-128.94391003690635,-130.9277627899959
2,332,70.75920942125342,76.82047768406069,-38.753393727937016,-60.06023585081919
2,333,15.5,15.839559140915334,-68.80557109226518,-70.76932762433871
2,334,74.20434601166409,85.36807048804285,175.0723471631527,-169.5257651717742
2,335,93.8400984225189,108.41580533289623,122.13283881988221,140.31454566994472
2,336,72.97830719338779,83.17448935635683,173.57452477196625,-174.80557109226518
2,337,77.65281413201181,88.19038610511319,-174.36431249139625,-178.73561252901618
2,338,18.69470600243787,21.522288173120607,95.02540254164678,106.81685429018457
2,339,17.0,18.103849945990998,-0.19442890773481025,3.421219276429305
2,340,46.83175238333343,51.848695477435385,33.164618950885846,37.8749836510982
2,341,22.56422985360035,25.711351683383135,33.18491582628013,45.0
2,342,21.0,23.007140718452018,16.73570458892837,24.486680931716023
2,343,7.75,8.830230905458022,-73.62937773065681,-73.20329899055767
2,344,73.31159344064626,83.736838693615,-155.7280762505885,-163.83300571298383
2,345,31.25,35.665196520529044,-159.46232220802563,-161.81634684428693
2,346,5.0,4.563157195237254,-29.645975363738685,-30.0319193941275
2,347,21.75,24.174308601754092,-155.61405596961117,-159.96393174968108
2,348,23.5,26.394485994673726,-82.65012421993012,-83.20616943951359
2,349,13.5,14.624956117462975,71.50143432404792,83.42894738819497
2,350,18.25,21.137230131611474,-22.92751306414705,-26.01778998496937
2,351,64.90226901683542,73.69010750023335,118.81589024609966,125.65356715560401
2,352,67.55654945352256,77.70776448691541,-171.9288352087145,-168.4462571698757
2,353,60.43719011388621,69.51435116862011,-170.57665277835673,169.14358665193777
2,354,46.094018970200054,53.34745268209786,177.32366577455355,-164.48125227005713
2,355,69.71054031637667,78.82250811352468,-158.73739053774966,-159.61856994880262
2,356,19.25,20.71610282742883,25.98310652189997,39.16211454771069
2,357,36.75,40.9885582275963,77.07248693585296,89.33269164416487
2,358,30.75,35.32512037626886,-145.26020470831193,-147.8937440448821
2,359,6.75,6.163324712379986,20.633539336570195,25.373334628258235
2,360,10.0,10.484711932179975,-50.96375653207353,-56.784748506262815
2,361,51.44441156524768,59.00726494877285,-169.4431287053551,-172.4835582837305
2,362,59.92133463622868,69.09297567397708,76.39180564676607,90.0
2,363,54.0,59.425883982818,86.55604521958347,94.36683896255653
2,364,63.67993686982861,71.38529595646612,65.35076403034857,75.22544972495342
2,365,28.019641662805967,32.07567233386857,-167.9944861866174,-163.07248693585296
2,366,90.72091865131023,102.06453090934453,-53.43854365317794,-46.55546536802998
2,367,74.6079241042248,85.22114547838667,179.0988871304387,-169.6867363461156
2,368,30.75,32.931991472512046,-117.53767779197439,-118.4126614430726
2,369,27.85762290934356,29.483592806672334,-50.66638811689438,-49.635463426902646
2,370,15.956313173376868,16.60633854608371,-75.16899695174563,-76.44054812946594
2,371,23.0,25.894885409901953,149.19573393471325,157.32992699162887
2,372,33.98105176446488,38.83953752807778,140.25543572474504,162.19619090602995
2,373,38.0,43.30458416471513,128.27564431457762,141.45465234038835
2,374,88.08653518722109,98.82275652354453,-178.61277054524822,174.85723544211578
2,375,22.0,25.205187644208312,-121.26020470831196,-118.52497843620436
2,376,58.0,67.52702567505033,-171.7352262721076,177.19628556840019
2,378,28.5,32.43662162051581,157.9697407281103,177.5383327569378
2,379,67.22097560849575,77.19590323539595,177.0503780371559,-172.56859202882748
2,380,58.20807450805237,68.29851139654477,103.26674788682186,111.37062226934319
2,381,54.08344489184617,62.941063684702534,133.80458921295934,146.3646040027644
2,382,54.5,61.047495707193725,-138.73522627210758,-141.1701750950296
2,383,13.710932321496792,15.274782491922029,-145.32838179395117,-148.8406954916556
2,384,42.75,47.092249922278945,-51.72435568542238,-55.23480276342322
2,385,26.0,29.563385352016645,85.80557109226521,94.67137803534956
2,386,26.25,29.821274609750528,-171.86580694308435,-177.60103321519196
2,387,11.25,14.086826007648925,152.7352262721076,-180.0
2,388,14.75,16.07143529175915,3.73522627210761,9.105848541450797
2,389,17.5,19.850058640639674,-159.3706222693432,-159.73708293277298
2,391,28.25,28.763548650479333,153.19442890773482,-168.09573428450827
2,392,58.75,64.76808810594756,-102.70983680775691,-108.68596925196027
2,393,47.424185662554855,53.216992887670386,177.45611139160476,-168.02386755579664
2,394,45.75,51.3490296436843,33.0,42.709389957361466
2,395,63.75,71.54171700422468,176.29061004263855,-175.32344592697262
2,396,13.75,15.064922565846775,92.61405596961117,101.65029943753768
2,397,0.0,0.21156111063771768,-72.26477372789236,-65.39487608204837
2,398,0.25,0.3763768731514763,-73.69006752597979,-75.32360686254998
2,399,21.75,21.065620788954863,41.735704588928385,79.20689687977688
2,400,0.75,0.5689322316584923,-15.471192290848492,-14.036243467926468
2,401,11.0,12.749263361069573,59.35775354279126,63.04782106877106
2,402,83.0020983520591,96.3246132638827,122.89016129312884,140.7238162573925
2,403,59.75,69.32222758223685,-101.6335393365702,-99.16234704572172
2,404,127.723877720629,146.9705030658018,-149.9812176343464,-152.29244939987768
2,405,66.0435753031666,74.90926525638298,148.26226927761806,157.3481083479094
2,406,55.0,61.09373518565709,124.61564818416412,138.6459074560538
2,407,50.38713691148066,56.142720730803546,166.68098534798162,173.20145179608966
2,408,43.5,48.94053738756625,-171.23171106797935,171.78518241012068
2,409,57.64747700186355,64.15904967895966,-150.36682603093453,-149.03624346792648
2,410,9.0,9.186906232327274,-13.036243467926482,-16.238841629692274
2,411,59.60291723576642,66.4880855595928,-149.136137643691,-146.8336453061607
2,412,27.5,30.649035425665687,138.03624346792648,153.79988515865267
2,413,19.5,22.148708585481664,-59.76364169072622,-63.434948822922024
2,414,32.75,37.06451126247002,-114.57922687248902,-113.14781890131651
2,415,39.07479208125866,45.131267091053786,-171.32933901180098,-177.9690857631469
2,416,23.41546778711347,26.979447365945358,-151.06713681019357,-149.3614146618134
2,417,35.98376087384147,43.00847796827825,-126.91385001254854,-127.61135462421309
2,418,33.75,37.26203894299416,12.614055969611186,19.86307962682355
2,419,5.5,5.647694458313575,-90.24902365721236,-96.99390495415459
2,420,15.0,16.770287481129188,-154.80426606528675,-158.42392134144188
2,421,13.25,14.33893380334485,-146.38034472384487,-149.8436897857165
2,422,80.5,94.3155251446905,-126.53665493812838,-129.91309015196475
2,423,106.3501416916098,123.56885449620229,160.8050439810819,174.5554432396471
2,424,45.12453219015395,52.49807603971996,-155.9585776536523,-170.36821428283764
2,425,9.0,9.852203454634177,72.53665493812838,80.79685964644034
2,426,4.25,4.376999680585701,153.73979529168807,163.73979529168807
2,427,12.5,13.456544805945438,-74.29061004263853,-80.5223211106179
2,428,12.25,13.470820175050495,5.2317110679793615,14.796762245057351
2,429,27.5,31.625959605173353,5.43494882292201,8.426969021480673
2,430,72.5792695044746,82.69212486050495,123.83292869418558,135.14217285835696
2,431,18.0,20.429740685503813,170.43140797117252,-180.0
2,432,5.25,4.8783471476979,22.431407971172504,30.62999848482069
2,433,25.75,28.396745635237753,119.14554196042165,129.40066066347944
2,434,55.5,62.832736717136214,99.74488129694222,112.90210788431128
2,435,54.49631124606993,61.43988194083137,-163.82336414078364,-160.89245285947666
2,436,35.0,38.51766760694999,-116.2647737278924,-120.69972255081443
2,437,2.75,3.3391605888811577,75.43494882292202,82.9716037610504
2,438,48.75,56.28657929534468,152.46334506187162,163.64317518173587
2,439,3.75,2.950992827251518,66.451842301022,76.47570985681864
2,440,6.0,6.277670289234555,-25.02386755579664,-25.898851206894847
2,441,36.33823883179764,41.84224944171537,103.4605584305847,117.53757131121392
2,442,63.5,71.32938301666856,-6.380344723844864,-4.635463426902646
2,443,42.547519062237264,45.399493524717684,-137.32673741924427,-154.1252260207871
2,444,10.25,13.055132383915229,148.38435181583588,158.14383190064868
2,445,68.29642455822773,77.31965710668456,105.90659427768372,113.86017519134235
2,446,75.12484931463308,85.31448369647894,137.75971370993543,151.93315630056267
2,447,75.25475905002013,84.36505979042553,125.22331450552298,134.79706420335208
2,448,80.7798216849872,90.07571618991132,116.11669177324505,124.57763728407717
2,449,31.0,34.73273517287587,152.07248693585296,165.45843096624176
2,450,4.75,4.227521476170121,-111.0,-118.81079374297306
2,451,30.0,34.39690082072315,23.068582821862435,34.832224512588596
2,452,65.27259434278389,72.53103341861406,133.62641262724424,155.25325178737384
2,453,28.05633754013846,30.964399597281677,-160.32487249761976,-157.41433127560023
2,454,35.75,39.83891813601083,107.51044707800085,116.12090674396606
2,455,107.44900636469883,123.32534712494169,-173.83896990183607,-172.278174199869
2,456,23.66326599324758,29.76560637571714,-161.4104408694916,-167.65029993559227
2,457,18.5,21.23711781200417,-94.6365770416167,-96.83100594935152
2,458,53.95437857877729,60.62477956192927,136.1963489499667,169.3558121714956
2,459,22.5,25.34257358938725,11.354024636261322,17.35402463626132
2,460,51.56479507539907,58.67914327775853,141.4109149634637,144.46232220802563
2,461,16.5,17.701411245584836,20.874983651098205,31.16514684334129
2,462,63.2117161884033,71.70075070617692,126.36045334900093,148.0998430822663
2,463,28.3510336272119,31.546146228990082,-158.56113239595948,-164.83942870206903
2,464,14.25,15.83851180823068,164.34987578006988,-164.62625666413348
2,465,87.25,99.56131090326265,-145.02386755579664,-149.58891873287465
2,466,13.196717728609698,16.764348547854333,-168.5877364885393,-171.36754789232322
2,467,19.75,22.01040046876318,18.92751306414705,29.192286792039454
2,468,58.0,65.6866795808877,-39.86580694308438,-38.47626660904959
2,469,33.25,37.81916833049634,128.74488129694222,136.00508600525416
2,470,24.738054261793756,29.871710314414965,-113.70482416606114,-110.61818812310449
2,471,31.638778750422414,37.888968017493774,-102.10968761312357,-103.40116186672198
2,472,13.75,14.282378666882586,7.98310652189998,15.013365793789676
2,473,57.0,64.2849350097959,-140.0302592718897,-143.2707791870769
2,474,53.88773914772694,60.757950979996714,117.3577068123608,130.5903956952571
2,475,36.75,41.49638249312777,84.25511870305778,95.38931175997341
2,476,19.1204466456957,21.546224311898694,126.62163094890582,140.88598783302825
2,477,43.75,49.70480321836329,-49.42366562500263,-54.9193989057984
2,478,43.53424943114331,50.401499442729346,127.55637923922706,145.12927261736598
2,479,30.0,33.42856454642382,5.5763343749973515,10.701350723899147
2,480,29.0,31.98295532196856,-45.70983680775693,-46.946195117030754
2,481,49.735404145662216,55.935600391310764,-148.95913719399175,-146.88865803962796
2,482,17.0,18.41186475736552,-94.87498365109822,-93.49463892725335
2,483,1.5,0.3408390901285506,42.61965527615513,45.75384833307076
2,484,4.25,3.4585463655303195,-64.5685920288275,-67.31347332576972
2,485,37.75,41.68839714396003,140.74488129694222,155.2825590889166
2,486,12.25,13.365710611827259,-0.5376777919743745,2.619548795394678
2,487,44.132915579893364,50.06188602397686,163.46429201989162,176.28601085553558
2,488,26.25,30.059883918471204,134.80426606528675,147.80426606528675
2,489,5.5,6.228878856136046,-170.26429541107163,-171.13927906216983
2,490,38.75,45.61817657291071,154.8749836510982,169.86219614691487
2,491,96.0800415037909,108.11696497782167,-170.473599151187,-173.62075183238687
2,492,25.81294623502307,29.216595726919344,-73.43590375716903,-72.81041544384632
2,493,61.29053489239486,67.72981699245864,-83.70623283211552,-83.72464690560452
2,494,65.91996757653085,73.69937521611911,165.42537591249265,170.40686573726967
2,496,24.5,23.267713930431384,54.85445803957835,88.60543438236598
2,497,8.5,8.758976007713933,-106.01689347810003,-107.89187712919824
2,498,70.0703858955719,79.90997057051051,-148.26525581168968,-158.61427206807164
2,499,93.67635064728744,109.64338281666514,114.03131176330581,129.55966796899452
2,500,94.54239114450458,109.07823521157066,156.05903595102512,175.3549215741084
2,501,24.0049235001619,28.450906661591457,-100.64265069281991,-104.82913562641461
2,502,48.75,54.12427508603624,-47.125016348901795,-50.38931175997341
2,503,57.90009586809699,66.75412958271176,136.3674877113459,135.9975868849035
2,505,21.25,25.479341929823793,113.24902365721235,119.09179706984327
2,506,65.5,74.8316086854645,142.15722658736905,158.5363525987374
2,507,28.75,32.66420526350864,126.03624346792645,137.0601110237231
2,508,56.5,64.71911810661263,-161.02386755579664,-159.40821937163253
2,509,30.91669061530154,35.925185572052136,-164.11477827873614,-171.2616235479028
2,510,16.5,18.91594200516907,121.64597536373869,132.26684935237034
2,511,46.25,50.4898243733378,-84.62087398863166,-87.69336092448461
2,512,9.25,8.999833394789231,27.820991974189283,32.53082878194621
2,513,94.49590246152309,109.05471528020068,164.6261641611232,174.39713932001925
2,514,76.23570120815556,87.54265806306833,161.89612176330456,-165.65876286792204
2,515,66.96655575554206,74.96106524557189,-100.6289129287031,-103.00937613716269
2,516,58.131269054139295,61.453358136530895,147.08797537330184,-172.3039482779834
2,517,14.75,15.98082030133582,-93.03624346792648,-98.84181456019166
2,518,53.669584776625065,59.71119121580869,-90.40872799000266,-83.88449643371459
2,519,61.15510271297773,69.8524512281412,-128.75235899021916,-136.44412553093582
2,520,16.75,18.385822390838413,14.13419305691562,21.893673141728428
2,521,0.0,0.37899134033416776,38.24051991518719,32.6805547433634
2,522,8.5,8.547442731328509,38.37062226934319,49.981081935308396
2,523,63.16029803431648,69.11617373088632,103.50468440573673,135.63424471442613
2,524,59.07429139789738,67.21177884007541,120.84028572103968,127.24073893667209
2,527,0.0,0.09729727912975389,20.763641690726217,16.531930622746813
2,528,2.5,0.7264577100097743,-6.620873988631644,-12.234929958242844
2,529,32.75,37.305485964396716,-92.38594403038883,-96.95986529028966
2,530,0.25,0.9518976299310108,-109.42607874009914,-107.6751023973115
2,531,59.25,66.4287673401753,-48.43494882292201,-58.86102756302115
2,532,14.0,15.551428372244796,-6.573921259900857,-6.86453130253939
2,533,84.39923947184019,96.63197231225982,177.36676101728756,-166.67991647754394
2,534,46.5317130668972,53.79871226142109,164.78865808064012,178.1523897340054
2,535,3.0,1.8563404309053695,-55.125016348901795,-60.255118703057775
2,536,4.25,3.8995985006784086,-61.290163192243085,-63.75350825411465
2,537,54.04493073171376,60.427182992414686,157.0623469417826,171.08300033802672
2,538,2.5,1.457041350710751,-98.61965527615513,-98.88395068722676
2,539,19.5,22.250284952288954,-108.2642954110716,-110.06570489742342
2,540,31.5,30.551894113030823,37.772254682045826,75.23457689007148
2,541,11.5,12.904541515950678,-4.125016348901795,-2.7263109939062815
2,542,10.737596701602763,11.860297285663307,-107.53787882200834,-114.55702778180083
2,543,25.5,29.22592183746569,-160.75097634278762,-162.1496816977832
2,545,39.382617772988596,45.89381224597789,173.147390333322,-168.61911303653915
2,546,25.69643746169694,30.17494365590491,-11.949197300834669,-15.933050333453266
2,547,89.63532889034468,105.10580553922321,-164.78853723945767,-173.1123212409435
2,548,95.45486917363932,110.33303446341979,137.17370792524352,151.23884162969227
2,549,21.5,24.660468083774806,101.74488129694222,110.2825590889166
2,550,27.44613049808293,31.71636740746867,178.40332509979407,-168.04812486997523
2,551,13.0,13.53780517511939,26.510447078000844,33.89479889383673
2,552,30.183356007793247,34.318959769932285,-143.4224257695074,-144.03447603576603
2,553,13.5,14.31517576642911,68.65012421993013,82.18677915805853
2,556,115.42088237601453,131.46080673019162,-162.84984457660715,-166.93068210371783
2,557,63.60297580543359,72.39475791987562,126.94703857026698,139.88008509663172
2,558,47.076227547324244,48.663295592993805,150.83002980780398,-168.09573428450827
2,559,39.60358762032565,45.55433320474478,174.12404667406855,-173.98548112233453
2,560,72.25,81.13062433118117,36.380344723844864,43.47062164466718
2,561,100.88906334282608,110.01070180355373,-179.0518964514519,139.5810302113735
2,562,78.25620398504078,89.100988956514,105.76099408522067,130.7910150758298
2,563,41.96520885313508,45.69238594823286,138.93125247229253,154.18879715599275
2,564,29.75,29.469061901226166,99.25511870305775,135.0
2,565,30.25,33.26544608846214,98.2405199151872,117.27676338311369
2,566,30.75,34.26546859922327,-132.72435568542238,-133.1034816967907
2,567,103.5307337044951,117.88640772038848,-168.42359540517182,-176.3714678445636
2,568,26.689259419893038,31.329507257878504,96.91691245162104,116.1796593693449
2,569,12.25,13.88157827381259,-138.0,-135.0
2,570,72.97002216183041,84.86959562391155,176.97161431757954,-175.23635830927384
2,571,47.5,53.608386722715686,117.23635830927383,131.9720628982022
2,572,4.25,3.3226678987787217,-23.735704588928392,-27.556696563117672
2,573,53.0,58.883132350556615,-171.92751306414704,-172.4835582837305
2,574,68.89012238882353,76.52798667623651,145.56028292870664,158.04559814158262
2,575,49.13686713144656,53.67884962162726,-177.6797055927635,-177.72591123127296
2,576,49.75,55.38425146705685,-137.9697407281103,-141.7054453170387
2,577,52.605442671209865,58.60339798216602,115.70047298023916,127.64542766810605
2,578,3.75,3.0216163058094936,66.46232220802563,82.53480914387859
2,579,11.25,11.680179068297875,5.983106521899984,15.21946483117381
2,580,9.25,10.142587744482505,-85.23635830927383,-82.9457482666353
2,581,54.030920006325125,58.363313395598084,101.56484814432011,130.97368536843308
2,583,16.75,16.968630026438408,-29.35402463626132,-32.609143339319104
2,584,5.0,5.152058308039476,-11.744881296942218,-12.817368232795168
2,585,7.5,8.031639222023683,-109.62087398863167,-114.92572045739769
2,586,27.25,31.97224459462834,33.76516601842536,43.302843810399736
2,587,9.0,10.013031307154835,29.713123022791052,33.09325807475062
2,588,45.70624433050727,54.694748740847594,164.902590623223,172.9100698558448
2,589,22.25,26.485650970786562,142.64597536373867,153.18365315571305
2,590,17.0,19.75682833717333,110.13010235415598,117.66675729228436
2,591,19.75,22.332134343064464,-64.53665493812838,-66.7392530998942
2,592,21.761889824394377,26.739981776611156,153.30948461427238,165.27508509761876
2,593,29.25,34.95729561559363,175.25511870305778,-176.05481377096243
2,594,46.15853151273145,54.09248113268157,144.779964782394,154.92558065818434
2,595,9.0,9.495151034974155,-50.1250163489018,-52.1250163489018
2,596,1.75,2.393905134685771,-141.48955292199915,-144.61456927090097
2,597,20.0,20.668114823101817,-13.837652954278298,-14.983194914699965
2,598,1.75,1.771131261689274,133.80140948635182,144.53663575845943
2,599,18.5,19.7630745424817,58.62087398863166,66.74589033753345
2,600,34.25,37.84492362752931,-118.19442890773482,-118.82380663839163
2,601,83.24322325824559,91.80810903548436,-167.40963461983333,-172.76016260337798
2,602,19.0,21.733247713148632,-20.744881296942225,-20.654604376119906
2,603,56.274314109134096,64.52812502542135,144.96448331267908,161.44740087115207
2,604,32.0,37.08376120431749,-1.5376777919743745,5.225927408966783
2,605,73.75,85.04157011131228,153.23639479905884,167.97619009074688
2,606,37.25,41.049299499291884,-102.07248693585295,-100.71846229959164
2,607,49.13526234716251,56.26262508489871,148.1137177552745,154.5158730095827
2,608,60.14528788054999,67.39061726016736,-175.8866876969596,-175.44623202084136
2,609,42.192580660683554,47.61406233902552,178.17434093961268,-174.8978347476418
2,610,1.5,0.4745194635440305,32.0,40.03025927188969
2,611,93.5,105.90150864413197,77.96974072811031,97.2603507707488
2,612,115.15515400298189,131.33119331641745,162.66933694139306,168.58330532746822
2,613,48.61499873048459,55.261906126789256,171.6092210693473,-170.66767366536993
2,614,40.5,46.400898866248426,-126.48955292199915,-130.77971611424223
2,615,5.25,6.151755455521227,175.86989764584402,-174.88958243896877
2,616,2.5,1.3445777640561647,80.7594800848128,95.1944289077348
2,617,54.25,60.459677455922645,-57.43494882292201,-58.46520809481171
2,618,69.71380862954224,78.57813599129956,173.06463477252584,-178.12696731547936
2,619,33.335592022088015,38.915287754184355,142.33878611527604,158.25410966246656
2,620,18.5,21.541104192477448,100.62087398863166,109.38451567935783
2,621,25.5,30.772211573038298,7.236358309273825,15.792403528857292
2,622,65.9426732823424,75.66332127498036,170.49706519550858,-177.76156510315695
2,623,42.25,46.169472074423744,129.01689347810003,138.64627120875684
2,624,64.44270871721103,70.26162384959274,-172.6117847765389,-173.0857657020817
2,625,0.5,1.0816107545913543,-100.37912601136833,-93.81407483429035
2,626,8.0,8.328624338141292,-61.14554196042167,-71.63509488242082
2,627,20.0,21.70670918332248,-70.0,-72.34987578006988
2,628,41.57009247801359,46.681043383084315,94.18067068804314,105.37374333586652
2,629,39.0,44.99594460088786,27.97613244420336,39.231460819146434
2,630,67.84681472160858,77.09819317624468,160.53814631945306,177.76156510315695
2,631,44.98455722167632,46.479709148050134,129.46544465502362,174.51976146002838
2,632,26.5,29.654208539977013,56.24902365721232,65.51331906828398
2,633,10.75,11.998042393552689,-83.0,-91.63657704161676
2,634,43.48443978948142,44.1174399270858,-141.38320257899437,-178.6772419212096
2,635,17.25,17.78650418378281,56.57633437499735,65.5038474391444
2,636,41.0,46.91360422511931,92.37912601136834,99.82308079178488
2,637,8.5,9.109911650407353,83.55604521958344,96.51980175165698
2,638,18.75,21.11981448237411,-22.963756532073518,-28.673146489435
2,639,83.38182343236561,92.66045502729659,117.42116871952109,136.07585062079127
2,640,54.083613172756934,59.951419666206746,-148.76419208344757,-147.82878287145542
2,641,31.0,36.062866561521815,140.1250163489018,147.3194452566366
2,642,10.25,12.697199388554026,143.6335393365702,151.61664585847018
2,643,7.25,7.611012017116749,90.80140948635182,105.0915726785949
2,644,6.0,6.17901815613854,-15.874983651098177,-17.891877129198207
2,645,1.5,0.5055633305003158,-113.24902365721235,-124.51379738510474
2,646,1.5,0.6135516165554207,118.62087398863167,132.26684935237034
2,647,64.0,72.65863796677588,-95.44395478041656,-100.94822149962073
2,648,10.0,11.195940342915565,-97.49573328079582,-105.88167731118463
2,649,5.0,5.440063145997825,160.3859440303888,166.12573932207687
2,650,0.0,0.7142821685231686,112.62087398863164,109.1947952485325
2,651,8.25,9.26148190354924,-147.46232220802563,-153.92464441605125
2,652,0.5,0.12051412341834554,-96.53767779197437,-92.51381023617773
2,653,2.5,1.4702134407032537,66.25511870305778,73.7508519838536
2,654,9.0,9.652382541869573,-31.495733280795818,-34.866355550139005
2,655,95.55660119748096,108.98141432613207,-134.30233134028077,-139.45036970484608
2,656,69.49407731137643,78.6509196441293,-171.5467232448389,-172.8749836510982
2,657,25.25,29.96868048247598,133.44003482817618,159.20367651890234
2,658,6.0,6.661074017102936,98.23635830927383,110.69970337114543
2,659,17.0,20.47894148558496,-160.46334506187162,-165.3624375156594
2,660,72.54824399586671,82.79606312839087,-162.96734056821558,-173.65980825409008
2,661,44.75,50.596734328200995,-162.0,-162.64597536373867
2,662,27.25,29.86365886864476,93.46334506187162,103.19857133397922
2,663,19.12341977570313,20.515432492853297,-130.3267594767765,-131.8975733178293
2,664,10.75,11.501522622358046,55.1623470457217,58.73626830562256
2,665,26.5,30.195318749882084,-47.84277341263093,-51.84277341263093
2,666,40.05174413856658,45.669586361588735,-90.08071686384017,-91.73570458892834
2,667,41.82612098905981,47.665751634541365,-171.5690553704042,-180.0
2,668,29.28954629555675,33.324041850598874,-162.83577852518872,-162.64597536373867
2,669,71.97464195006603,82.59106160878788,-66.4034376456018,-66.92794589616219
2,670,0.75,0.11933025750669475,37.57392125990086,32.12673283661866
2,671,92.5,105.88715437909048,142.42077312751098,161.18906205953164
2,672,67.9963608285599,76.36127633752376,140.97576949127105,150.92661655727773
2,673,27.25,30.9068027605838,36.98310652189997,43.48167219785208
2,674,0.0,0.5513111392441026,-177.4985656759521,-169.11822095210724
2,675,16.75,18.585861096050024,20.036243467926482,30.225449724953425
2,676,46.21037329745606,53.14480758016116,-152.18947471798822,-173.65980825409008
2,677,59.825673337572574,67.4750031447282,149.36019636869815,170.47469812015544
2,678,39.97971349522548,45.65877219933289,126.98077535754226,137.06011102372312
2,679,48.00737610354108,54.362725455376676,83.08083624305783,97.33437880141673
2,680,40.5,46.513394751248875,105.62937773065681,118.82380663839163
2,682,9.5,11.161619904214096,173.56859202882748,-175.16663424328013
2,683,35.5,40.08835098944991,7.73522627210761,14.300277449185614
2,684,17.59334693976017,20.57057284581755,-148.69268633900901,-144.21102654081668
2,685,8.0,9.89366094303098,120.64597536373867,139.01659763308186
2,686,80.64316478118796,93.72174805698597,71.0813098140313,83.25025171928847
2,687,83.58505926280453,97.38816229023536,160.0588556091239,169.9530472712692
2,688,15.0,16.850723104098,41.874983651098205,50.40379136024973
2,689,26.306927712183956,30.888420961962435,152.55515190281437,165.73548770192008
2,690,20.0,24.41323884878189,152.7357045889284,167.31493146141742
2,691,7.5,8.37872156806493,116.42077312751098,127.17174947029861
2,692,1.25,1.093845907879642,-161.01689347810003,-164.7805351688262
2,693,0.5,0.9628977939274818,95.57392125990089,96.86453130253938
2,694,23.0,28.068696010067264,-93.57392125990089,-90.17521590490531
2,695,89.62050296303129,105.18825276857876,171.2084000582389,177.80389280677025
2,696,75.23771865969137,88.47413325540087,173.52594052736518,-170.8926656877456
2,697,21.72678454687339,21.64125974903092,-67.20931818230899,-98.49958302426992
2,698,1.75,1.0156588643185078,95.23635830927383,105.79240352885729
2,699,6.5,7.317064967159589,-3.556045219583467,-4.913798762374725
2,700,64.8700761372342,73.77976870055986,-159.01814382685598,-154.48037621398532
2,701,42.75,48.93082576348963,140.19442890773482,151.96271783975547
2,702,13.0,13.397111618308902,0.5376777919743745,9.716685817785091
2,703,71.1133878287569,80.19712428280341,121.86898809444494,144.00850374202514
2,704,45.5,44.50982716531824,61.62087398863166,104.62087398863166
2,705,40.076124628602926,45.39260279578787,-134.56975266140688,-133.36342295838327
2,706,70.93281509386283,81.08052486844534,-101.48335294481484,-103.61854166144104
2,707,65.24943512500832,73.39696951776737,-160.55194822547537,-164.74488129694222
2,708,96.25,111.1027898638137,148.6365770416167,156.43545339614164
2,709,79.22317670439618,90.83148236393652,-162.82774248017634,-168.83511982245142
